segment,date,direction,time,link,speed
I-710,20160531,N,7-9AM,716499,47.34042553
I-710,20160601,N,7-9AM,716499,39.31818182
I-710,20160603,N,7-9AM,716499,45.08833922
I-710,20160613,N,7-9AM,716499,45.57954545
I-710,20160615,N,7-9AM,716499,40.28723404
I-710,20160617,N,7-9AM,716499,48.11188811
I-710,20170529,N,7-9AM,716499,0
I-710,20170531,N,7-9AM,716499,0
I-710,20170601,N,7-9AM,716499,0
I-710,20170613,N,7-9AM,716499,32.27118644
I-710,20170615,N,7-9AM,716499,29.63799283
I-710,20160530,N,7-9AM,718164,0
I-710,20160602,N,7-9AM,718164,17.39837398
I-710,20160616,N,7-9AM,718164,15.43661972
I-710,20170530,N,7-9AM,718164,0
I-710,20170602,N,7-9AM,718164,17.57092199
I-710,20170612,N,7-9AM,718164,20.23469388
I-710,20170614,N,7-9AM,718164,15.32323232
I-710,20170616,N,7-9AM,718164,10.79359431
I-710,20160531,N,7-9AM,718165,0
I-710,20160601,N,7-9AM,718165,0
I-710,20160603,N,7-9AM,718165,0
I-710,20160613,N,7-9AM,718165,0
I-710,20160615,N,7-9AM,718165,0
I-710,20160617,N,7-9AM,718165,0
I-710,20170529,N,7-9AM,718165,69.68456376
I-710,20170531,N,7-9AM,718165,62.125
I-710,20170601,N,7-9AM,718165,66.84912281
I-710,20170613,N,7-9AM,718165,69.75932203
I-710,20170615,N,7-9AM,718165,68.97849462
I-710,20160530,N,7-9AM,763304,0
I-710,20160602,N,7-9AM,763304,0
I-710,20160616,N,7-9AM,763304,0
I-710,20170530,N,7-9AM,763304,70
I-710,20170602,N,7-9AM,763304,70
I-710,20170612,N,7-9AM,763304,70
I-710,20170614,N,7-9AM,763304,70
I-710,20170616,N,7-9AM,763304,70
I-710,20160531,N,7-9AM,763372,60.69858156
I-710,20160601,N,7-9AM,763372,63.2027972
I-710,20160603,N,7-9AM,763372,65.75618375
I-710,20160613,N,7-9AM,763372,64.89393939
I-710,20160615,N,7-9AM,763372,65.10283688
I-710,20160617,N,7-9AM,763372,65.22727273
I-710,20170529,N,7-9AM,763372,0
I-710,20170531,N,7-9AM,763372,0
I-710,20170601,N,7-9AM,763372,0
I-710,20170613,N,7-9AM,763372,62.98305085
I-710,20170615,N,7-9AM,763372,61.94623656
I-710,20160530,N,7-9AM,763384,68.40636042
I-710,20160602,N,7-9AM,763384,42.02845528
I-710,20160616,N,7-9AM,763384,34.29577465
I-710,20170530,N,7-9AM,763384,0
I-710,20170602,N,7-9AM,763384,0
I-710,20170612,N,7-9AM,763384,52.31292517
I-710,20170614,N,7-9AM,763384,37.65993266
I-710,20170616,N,7-9AM,763384,20.81850534
I-710,20160531,N,7-9AM,763392,28.85460993
I-710,20160601,N,7-9AM,763392,19.61538462
I-710,20160603,N,7-9AM,763392,24.92226148
I-710,20160613,N,7-9AM,763392,23.56060606
I-710,20160615,N,7-9AM,763392,18.47163121
I-710,20160617,N,7-9AM,763392,28.90559441
I-710,20170529,N,7-9AM,763392,61.40939597
I-710,20170531,N,7-9AM,763392,18.21071429
I-710,20170601,N,7-9AM,763392,17.80701754
I-710,20170613,N,7-9AM,763392,17.18983051
I-710,20170615,N,7-9AM,763392,15.35483871
I-710,20160531,N,7-9AM,763400,42.28368794
I-710,20160601,N,7-9AM,763400,28.20629371
I-710,20160603,N,7-9AM,763400,32.25795053
I-710,20160613,N,7-9AM,763400,0
I-710,20160615,N,7-9AM,763400,0
I-710,20160617,N,7-9AM,763400,0
I-710,20170529,N,7-9AM,763400,67.34899329
I-710,20170531,N,7-9AM,763400,28.65
I-710,20170601,N,7-9AM,763400,27.1122807
I-710,20170613,N,7-9AM,763400,26.80677966
I-710,20170615,N,7-9AM,763400,24.14336918
I-710,20160531,N,7-9AM,763408,24.26595745
I-710,20160601,N,7-9AM,763408,9.958041958
I-710,20160603,N,7-9AM,763408,18.99293286
I-710,20160613,N,7-9AM,763408,19.59848485
I-710,20160615,N,7-9AM,763408,17.37943262
I-710,20160617,N,7-9AM,763408,21.11538462
I-710,20170529,N,7-9AM,763408,0
I-710,20170531,N,7-9AM,763408,0
I-710,20170601,N,7-9AM,763408,0
I-710,20170613,N,7-9AM,763408,15.62711864
I-710,20170615,N,7-9AM,763408,17.02867384
I-710,20160531,N,7-9AM,763419,22.29432624
I-710,20160601,N,7-9AM,763419,10.51398601
I-710,20160603,N,7-9AM,763419,17.87985866
I-710,20160613,N,7-9AM,763419,19.64015152
I-710,20160615,N,7-9AM,763419,17.37234043
I-710,20160617,N,7-9AM,763419,20.98601399
I-710,20170529,N,7-9AM,763419,0
I-710,20170531,N,7-9AM,763419,0
I-710,20170601,N,7-9AM,763419,0
I-710,20170613,N,7-9AM,763419,12.44745763
I-710,20170615,N,7-9AM,763419,12.96774194
I-710,20160531,N,7-9AM,763424,17.0106383
I-710,20160601,N,7-9AM,763424,14.58041958
I-710,20160603,N,7-9AM,763424,16.29328622
I-710,20160613,N,7-9AM,763424,16.59848485
I-710,20160615,N,7-9AM,763424,14.59219858
I-710,20160617,N,7-9AM,763424,17.24825175
I-710,20170529,N,7-9AM,763424,0
I-710,20170531,N,7-9AM,763424,0
I-710,20170601,N,7-9AM,763424,0
I-710,20170613,N,7-9AM,763424,9.861016949
I-710,20170615,N,7-9AM,763424,10.78494624
I-710,20160530,N,7-9AM,763429,67.89399293
I-710,20160602,N,7-9AM,763429,13.67479675
I-710,20160616,N,7-9AM,763429,12.71478873
I-710,20170530,N,7-9AM,763429,0
I-710,20170602,N,7-9AM,763429,12.55673759
I-710,20170612,N,7-9AM,763429,14.90816327
I-710,20170614,N,7-9AM,763429,9.185185185
I-710,20170616,N,7-9AM,763429,7.701067616
I-710,20160530,N,7-9AM,763434,70
I-710,20160602,N,7-9AM,763434,70
I-710,20160616,N,7-9AM,763434,70
I-710,20170530,N,7-9AM,763434,0
I-710,20170602,N,7-9AM,763434,0
I-710,20170612,N,7-9AM,763434,69.76190476
I-710,20170614,N,7-9AM,763434,70
I-710,20170616,N,7-9AM,763434,0
I-710,20160531,N,7-9AM,763439,21.82624113
I-710,20160601,N,7-9AM,763439,23.33216783
I-710,20160603,N,7-9AM,763439,21.97879859
I-710,20160613,N,7-9AM,763439,23.46590909
I-710,20160615,N,7-9AM,763439,21.91489362
I-710,20160617,N,7-9AM,763439,22.44405594
I-710,20170529,N,7-9AM,763439,0
I-710,20170531,N,7-9AM,763439,0
I-710,20170601,N,7-9AM,763439,0
I-710,20170613,N,7-9AM,763439,17.53220339
I-710,20170615,N,7-9AM,763439,18.73476703
I-710,20160530,N,7-9AM,763720,67.60424028
I-710,20160602,N,7-9AM,763720,60.38617886
I-710,20160616,N,7-9AM,763720,63.67253521
I-710,20170530,N,7-9AM,763720,0
I-710,20170602,N,7-9AM,763720,64.40780142
I-710,20170612,N,7-9AM,763720,58.63605442
I-710,20170614,N,7-9AM,763720,63.12794613
I-710,20170616,N,7-9AM,763720,32.70462633
I-710,20160531,N,7-9AM,764032,0
I-710,20160601,N,7-9AM,764032,0
I-710,20160603,N,7-9AM,764032,0
I-710,20160613,N,7-9AM,764032,0
I-710,20160615,N,7-9AM,764032,0
I-710,20160617,N,7-9AM,764032,0
I-710,20170529,N,7-9AM,764032,0
I-710,20170531,N,7-9AM,764032,0
I-710,20170601,N,7-9AM,764032,0
I-710,20170613,N,7-9AM,764032,0
I-710,20170615,N,7-9AM,764032,0
I-710,20160531,N,7-9AM,772501,47.25886525
I-710,20160601,N,7-9AM,772501,47.25524476
I-710,20160603,N,7-9AM,772501,49.26501767
I-710,20160613,N,7-9AM,772501,50.20454545
I-710,20160615,N,7-9AM,772501,44.92553191
I-710,20160617,N,7-9AM,772501,37.44405594
I-710,20170529,N,7-9AM,772501,12.30536913
I-710,20170531,N,7-9AM,772501,47.625
I-710,20170601,N,7-9AM,772501,0
I-710,20170613,N,7-9AM,772501,44.35932203
I-710,20170615,N,7-9AM,772501,35.52329749
I-710,20160530,N,7-9AM,774658,0
I-710,20160602,N,7-9AM,774658,0
I-710,20160616,N,7-9AM,774658,0
I-710,20170530,N,7-9AM,774658,0
I-710,20170602,N,7-9AM,774658,0
I-710,20170612,N,7-9AM,774658,0
I-710,20170614,N,7-9AM,774658,0
I-710,20170616,N,7-9AM,774658,0
I-710,20160530,N,7-9AM,774672,69.40282686
I-710,20160602,N,7-9AM,774672,31.85772358
I-710,20160616,N,7-9AM,774672,30.43661972
I-710,20170530,N,7-9AM,774672,32.55445545
I-710,20170602,N,7-9AM,774672,33.07446809
I-710,20170612,N,7-9AM,774672,31.44897959
I-710,20170614,N,7-9AM,774672,26.50841751
I-710,20170616,N,7-9AM,774672,27.5658363
I-710,20160530,N,7-9AM,774685,0
I-710,20160602,N,7-9AM,774685,0
I-710,20160616,N,7-9AM,774685,0
I-710,20170530,N,7-9AM,774685,0
I-710,20170602,N,7-9AM,774685,0
I-710,20170612,N,7-9AM,774685,0
I-710,20170614,N,7-9AM,774685,0
I-710,20170616,N,7-9AM,774685,0
I-710,20160530,N,7-9AM,775637,0
I-710,20160602,N,7-9AM,775637,0
I-710,20160616,N,7-9AM,775637,0
I-710,20170530,N,7-9AM,775637,0
I-710,20170602,N,7-9AM,775637,0
I-710,20170612,N,7-9AM,775637,0
I-710,20170614,N,7-9AM,775637,0
I-710,20170616,N,7-9AM,775637,0
I-710,20160530,N,7-9AM,716499,66.13074205
I-710,20160602,N,7-9AM,716499,44.39430894
I-710,20160616,N,7-9AM,716499,36.41901408
I-710,20170530,N,7-9AM,716499,0
I-710,20170602,N,7-9AM,716499,45.66666667
I-710,20170612,N,7-9AM,716499,45.5952381
I-710,20170614,N,7-9AM,716499,41.8047138
I-710,20170616,N,7-9AM,716499,23.42704626
I-710,20160531,N,7-9AM,718164,21.54964539
I-710,20160601,N,7-9AM,718164,9.548951049
I-710,20160603,N,7-9AM,718164,17.80565371
I-710,20160613,N,7-9AM,718164,19.54545455
I-710,20160615,N,7-9AM,718164,16.20212766
I-710,20160617,N,7-9AM,718164,19.44755245
I-710,20170529,N,7-9AM,718164,0
I-710,20170531,N,7-9AM,718164,0
I-710,20170601,N,7-9AM,718164,0
I-710,20170613,N,7-9AM,718164,14.02711864
I-710,20170615,N,7-9AM,718164,16.65232975
I-710,20160530,N,7-9AM,718165,0
I-710,20160602,N,7-9AM,718165,0
I-710,20160616,N,7-9AM,718165,0
I-710,20170530,N,7-9AM,718165,67.17491749
I-710,20170602,N,7-9AM,718165,57.21631206
I-710,20170612,N,7-9AM,718165,69.77891156
I-710,20170614,N,7-9AM,718165,69.2996633
I-710,20170616,N,7-9AM,718165,68.81850534
I-710,20160531,N,7-9AM,763304,0
I-710,20160601,N,7-9AM,763304,0
I-710,20160603,N,7-9AM,763304,0
I-710,20160613,N,7-9AM,763304,0
I-710,20160615,N,7-9AM,763304,0
I-710,20160617,N,7-9AM,763304,0
I-710,20170529,N,7-9AM,763304,70
I-710,20170531,N,7-9AM,763304,70
I-710,20170601,N,7-9AM,763304,70
I-710,20170613,N,7-9AM,763304,70
I-710,20170615,N,7-9AM,763304,70
I-710,20160530,N,7-9AM,763372,67.64310954
I-710,20160602,N,7-9AM,763372,63.83333333
I-710,20160616,N,7-9AM,763372,64.86619718
I-710,20170530,N,7-9AM,763372,0
I-710,20170602,N,7-9AM,763372,65.09574468
I-710,20170612,N,7-9AM,763372,59.97619048
I-710,20170614,N,7-9AM,763372,64.07407407
I-710,20170616,N,7-9AM,763372,32.76868327
I-710,20160531,N,7-9AM,763384,47.38297872
I-710,20160601,N,7-9AM,763384,37.79020979
I-710,20160603,N,7-9AM,763384,45.54416961
I-710,20160613,N,7-9AM,763384,42.96590909
I-710,20160615,N,7-9AM,763384,38.89716312
I-710,20160617,N,7-9AM,763384,49.44755245
I-710,20170529,N,7-9AM,763384,0
I-710,20170531,N,7-9AM,763384,0
I-710,20170601,N,7-9AM,763384,0
I-710,20170613,N,7-9AM,763384,46.20338983
I-710,20170615,N,7-9AM,763384,24.10394265
I-710,20160530,N,7-9AM,763392,62.54063604
I-710,20160602,N,7-9AM,763392,25.06097561
I-710,20160616,N,7-9AM,763392,18.59507042
I-710,20170530,N,7-9AM,763392,17.99339934
I-710,20170602,N,7-9AM,763392,24.90425532
I-710,20170612,N,7-9AM,763392,28.2755102
I-710,20170614,N,7-9AM,763392,18.74747475
I-710,20170616,N,7-9AM,763392,20.77580071
I-710,20160530,N,7-9AM,763400,65.98233216
I-710,20160602,N,7-9AM,763400,33.94308943
I-710,20160616,N,7-9AM,763400,0
I-710,20170530,N,7-9AM,763400,27.23762376
I-710,20170602,N,7-9AM,763400,32.06382979
I-710,20170612,N,7-9AM,763400,37.80952381
I-710,20170614,N,7-9AM,763400,26.78787879
I-710,20170616,N,7-9AM,763400,31.40569395
I-710,20160530,N,7-9AM,763408,0
I-710,20160602,N,7-9AM,763408,17.74796748
I-710,20160616,N,7-9AM,763408,17.03521127
I-710,20170530,N,7-9AM,763408,0
I-710,20170602,N,7-9AM,763408,18.42198582
I-710,20170612,N,7-9AM,763408,19.08843537
I-710,20170614,N,7-9AM,763408,15.74074074
I-710,20170616,N,7-9AM,763408,12.4341637
I-710,20160530,N,7-9AM,763419,0
I-710,20160602,N,7-9AM,763419,16.86585366
I-710,20160616,N,7-9AM,763419,15.91197183
I-710,20170530,N,7-9AM,763419,0
I-710,20170602,N,7-9AM,763419,16.53191489
I-710,20170612,N,7-9AM,763419,17.50680272
I-710,20170614,N,7-9AM,763419,12.95622896
I-710,20170616,N,7-9AM,763419,10.45907473
I-710,20160530,N,7-9AM,763424,64.6819788
I-710,20160602,N,7-9AM,763424,14.03252033
I-710,20160616,N,7-9AM,763424,13.49295775
I-710,20170530,N,7-9AM,763424,0
I-710,20170602,N,7-9AM,763424,13.89007092
I-710,20170612,N,7-9AM,763424,14.19727891
I-710,20170614,N,7-9AM,763424,10.24242424
I-710,20170616,N,7-9AM,763424,8.451957295
I-710,20160531,N,7-9AM,763429,15.25886525
I-710,20160601,N,7-9AM,763429,13.8951049
I-710,20160603,N,7-9AM,763429,14.58657244
I-710,20160613,N,7-9AM,763429,14.8030303
I-710,20160615,N,7-9AM,763429,13.12765957
I-710,20160617,N,7-9AM,763429,15.45104895
I-710,20170529,N,7-9AM,763429,0
I-710,20170531,N,7-9AM,763429,0
I-710,20170601,N,7-9AM,763429,0
I-710,20170613,N,7-9AM,763429,8.810169492
I-710,20170615,N,7-9AM,763429,9.605734767
I-710,20160531,N,7-9AM,763434,70
I-710,20160601,N,7-9AM,763434,70
I-710,20160603,N,7-9AM,763434,70
I-710,20160613,N,7-9AM,763434,70
I-710,20160615,N,7-9AM,763434,69.75177305
I-710,20160617,N,7-9AM,763434,70
I-710,20170529,N,7-9AM,763434,0
I-710,20170531,N,7-9AM,763434,0
I-710,20170601,N,7-9AM,763434,0
I-710,20170613,N,7-9AM,763434,70
I-710,20170615,N,7-9AM,763434,69.74910394
I-710,20160530,N,7-9AM,763439,68.85865724
I-710,20160602,N,7-9AM,763439,21.3495935
I-710,20160616,N,7-9AM,763439,21.1443662
I-710,20170530,N,7-9AM,763439,0
I-710,20170602,N,7-9AM,763439,21.93971631
I-710,20170612,N,7-9AM,763439,21.51020408
I-710,20170614,N,7-9AM,763439,18.47811448
I-710,20170616,N,7-9AM,763439,11.97153025
I-710,20160531,N,7-9AM,763720,59.70212766
I-710,20160601,N,7-9AM,763720,59.91258741
I-710,20160603,N,7-9AM,763720,65.27208481
I-710,20160613,N,7-9AM,763720,63.95454545
I-710,20160615,N,7-9AM,763720,63.71631206
I-710,20160617,N,7-9AM,763720,64.78671329
I-710,20170529,N,7-9AM,763720,0
I-710,20170531,N,7-9AM,763720,0
I-710,20170601,N,7-9AM,763720,0
I-710,20170613,N,7-9AM,763720,61.85762712
I-710,20170615,N,7-9AM,763720,58.12903226
I-710,20160530,N,7-9AM,764032,0
I-710,20160602,N,7-9AM,764032,0
I-710,20160616,N,7-9AM,764032,0
I-710,20170530,N,7-9AM,764032,0
I-710,20170602,N,7-9AM,764032,0
I-710,20170612,N,7-9AM,764032,0
I-710,20170614,N,7-9AM,764032,0
I-710,20170616,N,7-9AM,764032,0
I-710,20160530,N,7-9AM,772501,67.44169611
I-710,20160602,N,7-9AM,772501,43.20731707
I-710,20160616,N,7-9AM,772501,37.67957746
I-710,20170530,N,7-9AM,772501,43.71947195
I-710,20170602,N,7-9AM,772501,44.17375887
I-710,20170612,N,7-9AM,772501,0
I-710,20170614,N,7-9AM,772501,39.23569024
I-710,20170616,N,7-9AM,772501,41.16014235
I-710,20160531,N,7-9AM,774658,0
I-710,20160601,N,7-9AM,774658,0
I-710,20160603,N,7-9AM,774658,0
I-710,20160613,N,7-9AM,774658,0
I-710,20160615,N,7-9AM,774658,0
I-710,20160617,N,7-9AM,774658,0
I-710,20170529,N,7-9AM,774658,0
I-710,20170531,N,7-9AM,774658,0
I-710,20170601,N,7-9AM,774658,0
I-710,20170613,N,7-9AM,774658,0
I-710,20170615,N,7-9AM,774658,0
I-710,20160531,N,7-9AM,774672,31.87943262
I-710,20160601,N,7-9AM,774672,33.04545455
I-710,20160603,N,7-9AM,774672,32.16607774
I-710,20160613,N,7-9AM,774672,35.01893939
I-710,20160615,N,7-9AM,774672,31.14539007
I-710,20160617,N,7-9AM,774672,29.69230769
I-710,20170529,N,7-9AM,774672,69.30872483
I-710,20170531,N,7-9AM,774672,30.29285714
I-710,20170601,N,7-9AM,774672,30.74035088
I-710,20170613,N,7-9AM,774672,26.72881356
I-710,20170615,N,7-9AM,774672,27.70967742
I-710,20160531,N,7-9AM,774685,0
I-710,20160601,N,7-9AM,774685,0
I-710,20160603,N,7-9AM,774685,0
I-710,20160613,N,7-9AM,774685,0
I-710,20160615,N,7-9AM,774685,0
I-710,20160617,N,7-9AM,774685,0
I-710,20170529,N,7-9AM,774685,0
I-710,20170531,N,7-9AM,774685,0
I-710,20170601,N,7-9AM,774685,0
I-710,20170613,N,7-9AM,774685,0
I-710,20170615,N,7-9AM,774685,0
I-710,20160531,N,7-9AM,775637,0
I-710,20160601,N,7-9AM,775637,0
I-710,20160603,N,7-9AM,775637,0
I-710,20160613,N,7-9AM,775637,0
I-710,20160615,N,7-9AM,775637,0
I-710,20160617,N,7-9AM,775637,0
I-710,20170529,N,7-9AM,775637,0
I-710,20170531,N,7-9AM,775637,0
I-710,20170601,N,7-9AM,775637,0
I-710,20170613,N,7-9AM,775637,0
I-710,20170615,N,7-9AM,775637,0
I-710,20160530,S,7-9AM,716500,63.57243816
I-710,20160602,S,7-9AM,716500,56.2601626
I-710,20160616,S,7-9AM,716500,50.28873239
I-710,20170530,S,7-9AM,716500,0
I-710,20170602,S,7-9AM,716500,48.9787234
I-710,20170612,S,7-9AM,716500,57.49659864
I-710,20170614,S,7-9AM,716500,56.6969697
I-710,20170616,S,7-9AM,716500,29.79359431
I-710,20160530,S,7-9AM,718041,66.96819788
I-710,20160602,S,7-9AM,718041,52.26829268
I-710,20160616,S,7-9AM,718041,45.65492958
I-710,20170530,S,7-9AM,718041,0
I-710,20170602,S,7-9AM,718041,0
I-710,20170612,S,7-9AM,718041,0
I-710,20170614,S,7-9AM,718041,0
I-710,20170616,S,7-9AM,718041,0
I-710,20160530,S,7-9AM,718166,0
I-710,20160602,S,7-9AM,718166,0
I-710,20160616,S,7-9AM,718166,0
I-710,20170530,S,7-9AM,718166,70
I-710,20170602,S,7-9AM,718166,70
I-710,20170612,S,7-9AM,718166,70
I-710,20170614,S,7-9AM,718166,70
I-710,20170616,S,7-9AM,718166,70
I-710,20160530,S,7-9AM,718173,70
I-710,20160602,S,7-9AM,718173,69.71544715
I-710,20160616,S,7-9AM,718173,70
I-710,20170530,S,7-9AM,718173,0
I-710,20170602,S,7-9AM,718173,0
I-710,20170612,S,7-9AM,718173,0
I-710,20170614,S,7-9AM,718173,0
I-710,20170616,S,7-9AM,718173,0
I-710,20160530,S,7-9AM,760635,0
I-710,20160602,S,7-9AM,760635,0
I-710,20160616,S,7-9AM,760635,0
I-710,20170530,S,7-9AM,760635,67.71947195
I-710,20170602,S,7-9AM,760635,61.07446809
I-710,20170612,S,7-9AM,760635,68.34693878
I-710,20170614,S,7-9AM,760635,67.78451178
I-710,20170616,S,7-9AM,760635,67.32384342
I-710,20160531,S,7-9AM,760643,0
I-710,20160601,S,7-9AM,760643,0
I-710,20160603,S,7-9AM,760643,0
I-710,20160613,S,7-9AM,760643,0
I-710,20160615,S,7-9AM,760643,0
I-710,20160617,S,7-9AM,760643,0
I-710,20170529,S,7-9AM,760643,0
I-710,20170531,S,7-9AM,760643,0
I-710,20170601,S,7-9AM,760643,0
I-710,20170613,S,7-9AM,760643,0
I-710,20170615,S,7-9AM,760643,0
I-710,20160531,S,7-9AM,763246,63.82624113
I-710,20160601,S,7-9AM,763246,62.32517483
I-710,20160603,S,7-9AM,763246,62.59010601
I-710,20160613,S,7-9AM,763246,64.90909091
I-710,20160615,S,7-9AM,763246,63.60638298
I-710,20160617,S,7-9AM,763246,62.50699301
I-710,20170529,S,7-9AM,763246,0
I-710,20170531,S,7-9AM,763246,0
I-710,20170601,S,7-9AM,763246,0
I-710,20170613,S,7-9AM,763246,59.51186441
I-710,20170615,S,7-9AM,763246,65.17562724
I-710,20160531,S,7-9AM,763251,49.34751773
I-710,20160601,S,7-9AM,763251,46.29370629
I-710,20160603,S,7-9AM,763251,52.89045936
I-710,20160613,S,7-9AM,763251,58.52272727
I-710,20160615,S,7-9AM,763251,50.57092199
I-710,20160617,S,7-9AM,763251,50.07692308
I-710,20170529,S,7-9AM,763251,0
I-710,20170531,S,7-9AM,763251,0
I-710,20170601,S,7-9AM,763251,0
I-710,20170613,S,7-9AM,763251,0
I-710,20170615,S,7-9AM,763251,0
I-710,20160531,S,7-9AM,763259,52.4929078
I-710,20160601,S,7-9AM,763259,49.86713287
I-710,20160603,S,7-9AM,763259,50.03180212
I-710,20160613,S,7-9AM,763259,58.67424242
I-710,20160615,S,7-9AM,763259,51.06382979
I-710,20160617,S,7-9AM,763259,50.93706294
I-710,20170529,S,7-9AM,763259,66.63087248
I-710,20170531,S,7-9AM,763259,56.18214286
I-710,20170601,S,7-9AM,763259,53.16842105
I-710,20170613,S,7-9AM,763259,49.92542373
I-710,20170615,S,7-9AM,763259,59.35842294
I-710,20160530,S,7-9AM,763267,0
I-710,20160602,S,7-9AM,763267,46.43495935
I-710,20160616,S,7-9AM,763267,43.78169014
I-710,20170530,S,7-9AM,763267,0
I-710,20170602,S,7-9AM,763267,45.08510638
I-710,20170612,S,7-9AM,763267,56.43537415
I-710,20170614,S,7-9AM,763267,53.73737374
I-710,20170616,S,7-9AM,763267,33.06761566
I-710,20160531,S,7-9AM,763275,70
I-710,20160601,S,7-9AM,763275,29.86013986
I-710,20160603,S,7-9AM,763275,69.75265018
I-710,20160613,S,7-9AM,763275,69.73484848
I-710,20160615,S,7-9AM,763275,69.75177305
I-710,20160617,S,7-9AM,763275,70
I-710,20170529,S,7-9AM,763275,0
I-710,20170531,S,7-9AM,763275,0
I-710,20170601,S,7-9AM,763275,0
I-710,20170613,S,7-9AM,763275,16.18644068
I-710,20170615,S,7-9AM,763275,57.67741935
I-710,20160531,S,7-9AM,763286,60.13120567
I-710,20160601,S,7-9AM,763286,28.90909091
I-710,20160603,S,7-9AM,763286,58.93992933
I-710,20160613,S,7-9AM,763286,64.62878788
I-710,20160615,S,7-9AM,763286,59.37943262
I-710,20160617,S,7-9AM,763286,59.42657343
I-710,20170529,S,7-9AM,763286,0
I-710,20170531,S,7-9AM,763286,0
I-710,20170601,S,7-9AM,763286,0
I-710,20170613,S,7-9AM,763286,56.07118644
I-710,20170615,S,7-9AM,763286,61.32616487
I-710,20160530,S,7-9AM,763294,0
I-710,20160602,S,7-9AM,763294,70
I-710,20160616,S,7-9AM,763294,70
I-710,20170530,S,7-9AM,763294,0
I-710,20170602,S,7-9AM,763294,52.74468085
I-710,20170612,S,7-9AM,763294,58.53061224
I-710,20170614,S,7-9AM,763294,60.44781145
I-710,20170616,S,7-9AM,763294,32
I-710,20160531,S,7-9AM,763299,63.41843972
I-710,20160601,S,7-9AM,763299,51.67482517
I-710,20160603,S,7-9AM,763299,64.4770318
I-710,20160613,S,7-9AM,763299,64.00378788
I-710,20160615,S,7-9AM,763299,55.37588652
I-710,20160617,S,7-9AM,763299,64.13986014
I-710,20170529,S,7-9AM,763299,68.15771812
I-710,20170531,S,7-9AM,763299,57.79285714
I-710,20170601,S,7-9AM,763299,64.04210526
I-710,20170613,S,7-9AM,763299,64.54576271
I-710,20170615,S,7-9AM,763299,59.72401434
I-710,20160530,S,7-9AM,763377,62.91166078
I-710,20160602,S,7-9AM,763377,63.45528455
I-710,20160616,S,7-9AM,763377,46.79577465
I-710,20170530,S,7-9AM,763377,0
I-710,20170602,S,7-9AM,763377,45.07092199
I-710,20170612,S,7-9AM,763377,62.72108844
I-710,20170614,S,7-9AM,763377,58.86195286
I-710,20170616,S,7-9AM,763377,32.19217082
I-710,20160530,S,7-9AM,763447,62.06713781
I-710,20160602,S,7-9AM,763447,57.06504065
I-710,20160616,S,7-9AM,763447,56.96126761
I-710,20170530,S,7-9AM,763447,0
I-710,20170602,S,7-9AM,763447,49.07446809
I-710,20170612,S,7-9AM,763447,54.26870748
I-710,20170614,S,7-9AM,763447,54.78451178
I-710,20170616,S,7-9AM,763447,28.01423488
I-710,20160530,S,7-9AM,764037,0
I-710,20160602,S,7-9AM,764037,0
I-710,20160616,S,7-9AM,764037,0
I-710,20170530,S,7-9AM,764037,0
I-710,20170602,S,7-9AM,764037,0
I-710,20170612,S,7-9AM,764037,0
I-710,20170614,S,7-9AM,764037,0
I-710,20170616,S,7-9AM,764037,0
I-710,20160531,S,7-9AM,774671,66.62765957
I-710,20160601,S,7-9AM,774671,66.5034965
I-710,20160603,S,7-9AM,774671,67.59363958
I-710,20160613,S,7-9AM,774671,68.48106061
I-710,20160615,S,7-9AM,774671,68.28014184
I-710,20160617,S,7-9AM,774671,67.94755245
I-710,20170529,S,7-9AM,774671,69.34228188
I-710,20170531,S,7-9AM,774671,58.77142857
I-710,20170601,S,7-9AM,774671,67.8
I-710,20170613,S,7-9AM,774671,68.26779661
I-710,20170615,S,7-9AM,774671,67.77777778
I-710,20160531,S,7-9AM,775636,0
I-710,20160601,S,7-9AM,775636,0
I-710,20160603,S,7-9AM,775636,0
I-710,20160613,S,7-9AM,775636,0
I-710,20160615,S,7-9AM,775636,0
I-710,20160617,S,7-9AM,775636,0
I-710,20170529,S,7-9AM,775636,0
I-710,20170531,S,7-9AM,775636,0
I-710,20170601,S,7-9AM,775636,0
I-710,20170613,S,7-9AM,775636,0
I-710,20170615,S,7-9AM,775636,0
I-710,20160531,S,7-9AM,716500,56.39007092
I-710,20160601,S,7-9AM,716500,55.88111888
I-710,20160603,S,7-9AM,716500,55.34628975
I-710,20160613,S,7-9AM,716500,59.36363636
I-710,20160615,S,7-9AM,716500,58.53900709
I-710,20160617,S,7-9AM,716500,58.93356643
I-710,20170529,S,7-9AM,716500,0
I-710,20170531,S,7-9AM,716500,0
I-710,20170601,S,7-9AM,716500,0
I-710,20170613,S,7-9AM,716500,56.40677966
I-710,20170615,S,7-9AM,716500,55.8172043
I-710,20160531,S,7-9AM,718041,51.54255319
I-710,20160601,S,7-9AM,718041,49.33916084
I-710,20160603,S,7-9AM,718041,54.74911661
I-710,20160613,S,7-9AM,718041,60.01893939
I-710,20160615,S,7-9AM,718041,53.86879433
I-710,20160617,S,7-9AM,718041,53.33566434
I-710,20170529,S,7-9AM,718041,0
I-710,20170531,S,7-9AM,718041,0
I-710,20170601,S,7-9AM,718041,0
I-710,20170613,S,7-9AM,718041,0
I-710,20170615,S,7-9AM,718041,0
I-710,20160531,S,7-9AM,718166,0
I-710,20160601,S,7-9AM,718166,0
I-710,20160603,S,7-9AM,718166,0
I-710,20160613,S,7-9AM,718166,0
I-710,20160615,S,7-9AM,718166,0
I-710,20160617,S,7-9AM,718166,0
I-710,20170529,S,7-9AM,718166,70
I-710,20170531,S,7-9AM,718166,70
I-710,20170601,S,7-9AM,718166,70
I-710,20170613,S,7-9AM,718166,70
I-710,20170615,S,7-9AM,718166,70
I-710,20160531,S,7-9AM,718173,70
I-710,20160601,S,7-9AM,718173,70
I-710,20160603,S,7-9AM,718173,70
I-710,20160613,S,7-9AM,718173,70
I-710,20160615,S,7-9AM,718173,70
I-710,20160617,S,7-9AM,718173,70
I-710,20170529,S,7-9AM,718173,0
I-710,20170531,S,7-9AM,718173,0
I-710,20170601,S,7-9AM,718173,0
I-710,20170613,S,7-9AM,718173,0
I-710,20170615,S,7-9AM,718173,0
I-710,20160531,S,7-9AM,760635,0
I-710,20160601,S,7-9AM,760635,0
I-710,20160603,S,7-9AM,760635,0
I-710,20160613,S,7-9AM,760635,0
I-710,20160615,S,7-9AM,760635,0
I-710,20160617,S,7-9AM,760635,0
I-710,20170529,S,7-9AM,760635,69.32214765
I-710,20170531,S,7-9AM,760635,63.28571429
I-710,20170601,S,7-9AM,760635,67.56842105
I-710,20170613,S,7-9AM,760635,67.51186441
I-710,20170615,S,7-9AM,760635,67.44444444
I-710,20160530,S,7-9AM,760643,0
I-710,20160602,S,7-9AM,760643,0
I-710,20160616,S,7-9AM,760643,0
I-710,20170530,S,7-9AM,760643,0
I-710,20170602,S,7-9AM,760643,0
I-710,20170612,S,7-9AM,760643,0
I-710,20170614,S,7-9AM,760643,0
I-710,20170616,S,7-9AM,760643,0
I-710,20160530,S,7-9AM,763246,68
I-710,20160602,S,7-9AM,763246,64.13414634
I-710,20160616,S,7-9AM,763246,58.45774648
I-710,20170530,S,7-9AM,763246,0
I-710,20170602,S,7-9AM,763246,59.46453901
I-710,20170612,S,7-9AM,763246,65.36054422
I-710,20170614,S,7-9AM,763246,65.66329966
I-710,20170616,S,7-9AM,763246,33.09252669
I-710,20160530,S,7-9AM,763251,67.44522968
I-710,20160602,S,7-9AM,763251,44.41056911
I-710,20160616,S,7-9AM,763251,42.32042254
I-710,20170530,S,7-9AM,763251,0
I-710,20170602,S,7-9AM,763251,0
I-710,20170612,S,7-9AM,763251,0
I-710,20170614,S,7-9AM,763251,0
I-710,20170616,S,7-9AM,763251,0
I-710,20160530,S,7-9AM,763259,52.69964664
I-710,20160602,S,7-9AM,763259,46.8699187
I-710,20160616,S,7-9AM,763259,42.55985915
I-710,20170530,S,7-9AM,763259,52.91749175
I-710,20170602,S,7-9AM,763259,40.71276596
I-710,20170612,S,7-9AM,763259,55.67687075
I-710,20170614,S,7-9AM,763259,52.79461279
I-710,20170616,S,7-9AM,763259,58
I-710,20160531,S,7-9AM,763267,53.84397163
I-710,20160601,S,7-9AM,763267,28.33566434
I-710,20160603,S,7-9AM,763267,52.48763251
I-710,20160613,S,7-9AM,763267,59.94318182
I-710,20160615,S,7-9AM,763267,52.52836879
I-710,20160617,S,7-9AM,763267,52.30769231
I-710,20170529,S,7-9AM,763267,0
I-710,20170531,S,7-9AM,763267,0
I-710,20170601,S,7-9AM,763267,0
I-710,20170613,S,7-9AM,763267,52.53898305
I-710,20170615,S,7-9AM,763267,54.96057348
I-710,20160530,S,7-9AM,763275,0
I-710,20160602,S,7-9AM,763275,70
I-710,20160616,S,7-9AM,763275,70
I-710,20170530,S,7-9AM,763275,0
I-710,20170602,S,7-9AM,763275,0
I-710,20170612,S,7-9AM,763275,2.244897959
I-710,20170614,S,7-9AM,763275,48.41077441
I-710,20170616,S,7-9AM,763275,32.52313167
I-710,20160530,S,7-9AM,763286,0
I-710,20160602,S,7-9AM,763286,55.13821138
I-710,20160616,S,7-9AM,763286,51.67605634
I-710,20170530,S,7-9AM,763286,0
I-710,20170602,S,7-9AM,763286,51.83687943
I-710,20170612,S,7-9AM,763286,61.01360544
I-710,20170614,S,7-9AM,763286,61.62962963
I-710,20170616,S,7-9AM,763286,33.36298932
I-710,20160531,S,7-9AM,763294,69.75177305
I-710,20160601,S,7-9AM,763294,29.61538462
I-710,20160603,S,7-9AM,763294,69.01060071
I-710,20160613,S,7-9AM,763294,70
I-710,20160615,S,7-9AM,763294,69.5035461
I-710,20160617,S,7-9AM,763294,70
I-710,20170529,S,7-9AM,763294,0
I-710,20170531,S,7-9AM,763294,0
I-710,20170601,S,7-9AM,763294,0
I-710,20170613,S,7-9AM,763294,55.0779661
I-710,20170615,S,7-9AM,763294,59.56272401
I-710,20160530,S,7-9AM,763299,67.29681979
I-710,20160602,S,7-9AM,763299,63.16666667
I-710,20160616,S,7-9AM,763299,40.73591549
I-710,20170530,S,7-9AM,763299,65.16831683
I-710,20170602,S,7-9AM,763299,38.0248227
I-710,20170612,S,7-9AM,763299,65.19727891
I-710,20170614,S,7-9AM,763299,49.23905724
I-710,20170616,S,7-9AM,763299,58.1886121
I-710,20160531,S,7-9AM,763377,57.65248227
I-710,20160601,S,7-9AM,763377,57.1958042
I-710,20160603,S,7-9AM,763377,57.88339223
I-710,20160613,S,7-9AM,763377,61.97727273
I-710,20160615,S,7-9AM,763377,53.69858156
I-710,20160617,S,7-9AM,763377,62.98601399
I-710,20170529,S,7-9AM,763377,0
I-710,20170531,S,7-9AM,763377,0
I-710,20170601,S,7-9AM,763377,0
I-710,20170613,S,7-9AM,763377,62.46440678
I-710,20170615,S,7-9AM,763377,62.07526882
I-710,20160531,S,7-9AM,763447,57.12056738
I-710,20160601,S,7-9AM,763447,56.82167832
I-710,20160603,S,7-9AM,763447,56.71731449
I-710,20160613,S,7-9AM,763447,55.64015152
I-710,20160615,S,7-9AM,763447,57.21985816
I-710,20160617,S,7-9AM,763447,57.04895105
I-710,20170529,S,7-9AM,763447,0
I-710,20170531,S,7-9AM,763447,0
I-710,20170601,S,7-9AM,763447,0
I-710,20170613,S,7-9AM,763447,54.30847458
I-710,20170615,S,7-9AM,763447,54.44444444
I-710,20160531,S,7-9AM,764037,0
I-710,20160601,S,7-9AM,764037,0
I-710,20160603,S,7-9AM,764037,0
I-710,20160613,S,7-9AM,764037,0
I-710,20160615,S,7-9AM,764037,0
I-710,20160617,S,7-9AM,764037,0
I-710,20170529,S,7-9AM,764037,0
I-710,20170531,S,7-9AM,764037,0
I-710,20170601,S,7-9AM,764037,0
I-710,20170613,S,7-9AM,764037,0
I-710,20170615,S,7-9AM,764037,0
I-710,20160530,S,7-9AM,774671,69.24734982
I-710,20160602,S,7-9AM,774671,61.68699187
I-710,20160616,S,7-9AM,774671,67.77112676
I-710,20170530,S,7-9AM,774671,67.45544554
I-710,20170602,S,7-9AM,774671,55.4822695
I-710,20170612,S,7-9AM,774671,68.53741497
I-710,20170614,S,7-9AM,774671,68.31313131
I-710,20170616,S,7-9AM,774671,68.22064057
I-710,20160530,S,7-9AM,775636,0
I-710,20160602,S,7-9AM,775636,0
I-710,20160616,S,7-9AM,775636,0
I-710,20170530,S,7-9AM,775636,0
I-710,20170602,S,7-9AM,775636,0
I-710,20170612,S,7-9AM,775636,0
I-710,20170614,S,7-9AM,775636,0
I-710,20170616,S,7-9AM,775636,0
I-710,20160531,N,4-7PM,716499,57.8947368
I-710,20160603,N,4-7PM,716499,52.5684211
I-710,20160613,N,4-7PM,716499,61.9867725
I-710,20160615,N,4-7PM,716499,60.7447368
I-710,20160617,N,4-7PM,716499,49.5493333
I-710,20170529,N,4-7PM,716499,0
I-710,20170531,N,4-7PM,716499,0
I-710,20170601,N,4-7PM,716499,61.2136752
I-710,20170613,N,4-7PM,716499,59.6895674
I-710,20170615,N,4-7PM,716499,54.8882979
I-710,20160530,N,4-7PM,718164,43.7952128
I-710,20160602,N,4-7PM,718164,66.3089172
I-710,20160614,N,4-7PM,718164,67.4919786
I-710,20160616,N,4-7PM,718164,67.5223097
I-710,20170530,N,4-7PM,718164,0
I-710,20170602,N,4-7PM,718164,64.924933
I-710,20170612,N,4-7PM,718164,65.7220779
I-710,20170614,N,4-7PM,718164,63.6693548
I-710,20170616,N,4-7PM,718164,62.7029178
I-710,20160531,N,4-7PM,718165,0
I-710,20160603,N,4-7PM,718165,0
I-710,20160613,N,4-7PM,718165,0
I-710,20160615,N,4-7PM,718165,0
I-710,20160617,N,4-7PM,718165,0
I-710,20170529,N,4-7PM,718165,69.8897243
I-710,20170531,N,4-7PM,718165,20.8625337
I-710,20170601,N,4-7PM,718165,23.6282051
I-710,20170613,N,4-7PM,718165,14.5979644
I-710,20170615,N,4-7PM,718165,13.8351064
I-710,20160530,N,4-7PM,763304,0
I-710,20160602,N,4-7PM,763304,0
I-710,20160614,N,4-7PM,763304,0
I-710,20160616,N,4-7PM,763304,0
I-710,20170530,N,4-7PM,763304,70
I-710,20170602,N,4-7PM,763304,0
I-710,20170612,N,4-7PM,763304,70
I-710,20170614,N,4-7PM,763304,70
I-710,20170616,N,4-7PM,763304,70
I-710,20160531,N,4-7PM,763372,54.4868421
I-710,20160603,N,4-7PM,763372,58.3605263
I-710,20160613,N,4-7PM,763372,65.968254
I-710,20160615,N,4-7PM,763372,64.7868421
I-710,20160617,N,4-7PM,763372,44.0986667
I-710,20170529,N,4-7PM,763372,0
I-710,20170531,N,4-7PM,763372,0
I-710,20170601,N,4-7PM,763372,66.5641026
I-710,20170613,N,4-7PM,763372,63.1475827
I-710,20170615,N,4-7PM,763372,53.1888298
I-710,20160530,N,4-7PM,763384,67.7234043
I-710,20160602,N,4-7PM,763384,50.9267516
I-710,20160614,N,4-7PM,763384,52.9171123
I-710,20160616,N,4-7PM,763384,45.8451444
I-710,20170530,N,4-7PM,763384,0
I-710,20170602,N,4-7PM,763384,0
I-710,20170612,N,4-7PM,763384,55.8805195
I-710,20170614,N,4-7PM,763384,51.1478495
I-710,20170616,N,4-7PM,763384,38.0132626
I-710,20160531,N,4-7PM,763392,53.1868421
I-710,20160603,N,4-7PM,763392,45.1710526
I-710,20160613,N,4-7PM,763392,52.5740741
I-710,20160615,N,4-7PM,763392,52.5921053
I-710,20160617,N,4-7PM,763392,41.8613333
I-710,20170529,N,4-7PM,763392,60.8345865
I-710,20170531,N,4-7PM,763392,48.8894879
I-710,20170601,N,4-7PM,763392,54.508547
I-710,20170613,N,4-7PM,763392,48.3155216
I-710,20170615,N,4-7PM,763392,29.6781915
I-710,20160531,N,4-7PM,763400,62.8473684
I-710,20160603,N,4-7PM,763400,61.8
I-710,20160613,N,4-7PM,763400,0
I-710,20160615,N,4-7PM,763400,0
I-710,20160617,N,4-7PM,763400,0
I-710,20170529,N,4-7PM,763400,67.8145363
I-710,20170531,N,4-7PM,763400,63.4150943
I-710,20170601,N,4-7PM,763400,65.0940171
I-710,20170613,N,4-7PM,763400,63.2519084
I-710,20170615,N,4-7PM,763400,59.25
I-710,20160531,N,4-7PM,763408,57.1342105
I-710,20160603,N,4-7PM,763408,46.2289474
I-710,20160613,N,4-7PM,763408,57.531746
I-710,20160615,N,4-7PM,763408,58.0052632
I-710,20160617,N,4-7PM,763408,55.2853333
I-710,20170529,N,4-7PM,763408,0
I-710,20170531,N,4-7PM,763408,0
I-710,20170601,N,4-7PM,763408,59.5769231
I-710,20170613,N,4-7PM,763408,56.43257
I-710,20170615,N,4-7PM,763408,56.0851064
I-710,20160531,N,4-7PM,763419,62.5157895
I-710,20160603,N,4-7PM,763419,54.4763158
I-710,20160613,N,4-7PM,763419,65.2195767
I-710,20160615,N,4-7PM,763419,64.5631579
I-710,20160617,N,4-7PM,763419,62.6773333
I-710,20170529,N,4-7PM,763419,0
I-710,20170531,N,4-7PM,763419,0
I-710,20170601,N,4-7PM,763419,65.1581197
I-710,20170613,N,4-7PM,763419,63.7888041
I-710,20170615,N,4-7PM,763419,63.0398936
I-710,20160531,N,4-7PM,763424,50.4263158
I-710,20160603,N,4-7PM,763424,52.6
I-710,20160613,N,4-7PM,763424,60.2222222
I-710,20160615,N,4-7PM,763424,59.6421053
I-710,20160617,N,4-7PM,763424,56.12
I-710,20170529,N,4-7PM,763424,0
I-710,20170531,N,4-7PM,763424,0
I-710,20170601,N,4-7PM,763424,60.5384615
I-710,20170613,N,4-7PM,763424,57.1170483
I-710,20170615,N,4-7PM,763424,55.5904255
I-710,20160530,N,4-7PM,763429,68.1675532
I-710,20160602,N,4-7PM,763429,64.6719745
I-710,20160614,N,4-7PM,763429,66.5802139
I-710,20160616,N,4-7PM,763429,65.7007874
I-710,20170530,N,4-7PM,763429,0
I-710,20170602,N,4-7PM,763429,61.3351206
I-710,20170612,N,4-7PM,763429,66.1090909
I-710,20170614,N,4-7PM,763429,64.3817204
I-710,20170616,N,4-7PM,763429,61.6366048
I-710,20160530,N,4-7PM,763434,69.8138298
I-710,20160602,N,4-7PM,763434,69.7770701
I-710,20160614,N,4-7PM,763434,70
I-710,20160616,N,4-7PM,763434,70
I-710,20170530,N,4-7PM,763434,0
I-710,20170602,N,4-7PM,763434,0
I-710,20170612,N,4-7PM,763434,70
I-710,20170614,N,4-7PM,763434,70
I-710,20170616,N,4-7PM,763434,0
I-710,20160531,N,4-7PM,763439,26.2236842
I-710,20160603,N,4-7PM,763439,33.6552632
I-710,20160613,N,4-7PM,763439,59.8386243
I-710,20160615,N,4-7PM,763439,49.5052632
I-710,20160617,N,4-7PM,763439,47.3813333
I-710,20170529,N,4-7PM,763439,0
I-710,20170531,N,4-7PM,763439,0
I-710,20170601,N,4-7PM,763439,52.8247863
I-710,20170613,N,4-7PM,763439,40.9160305
I-710,20170615,N,4-7PM,763439,20.0638298
I-710,20160530,N,4-7PM,763720,67.6489362
I-710,20160602,N,4-7PM,763720,61.4076433
I-710,20160614,N,4-7PM,763720,62.9465241
I-710,20160616,N,4-7PM,763720,46.8267717
I-710,20170530,N,4-7PM,763720,0
I-710,20170602,N,4-7PM,763720,55.7855228
I-710,20170612,N,4-7PM,763720,57.212987
I-710,20170614,N,4-7PM,763720,61.8252688
I-710,20170616,N,4-7PM,763720,59.6816976
I-710,20160531,N,4-7PM,764032,0
I-710,20160603,N,4-7PM,764032,0
I-710,20160613,N,4-7PM,764032,0
I-710,20160615,N,4-7PM,764032,0
I-710,20160617,N,4-7PM,764032,0
I-710,20170529,N,4-7PM,764032,0
I-710,20170531,N,4-7PM,764032,0
I-710,20170601,N,4-7PM,764032,0
I-710,20170613,N,4-7PM,764032,0
I-710,20170615,N,4-7PM,764032,0
I-710,20160531,N,4-7PM,772501,20.0447368
I-710,20160603,N,4-7PM,772501,16.9684211
I-710,20160613,N,4-7PM,772501,21.7433862
I-710,20160615,N,4-7PM,772501,15.4184211
I-710,20160617,N,4-7PM,772501,18.104
I-710,20170529,N,4-7PM,772501,43.2556391
I-710,20170531,N,4-7PM,772501,0
I-710,20170601,N,4-7PM,772501,19.1666667
I-710,20170613,N,4-7PM,772501,17.9058524
I-710,20170615,N,4-7PM,772501,17.0531915
I-710,20160530,N,4-7PM,774658,0
I-710,20160602,N,4-7PM,774658,0
I-710,20160614,N,4-7PM,774658,0
I-710,20160616,N,4-7PM,774658,0
I-710,20170530,N,4-7PM,774658,0
I-710,20170602,N,4-7PM,774658,0
I-710,20170612,N,4-7PM,774658,0
I-710,20170614,N,4-7PM,774658,0
I-710,20170616,N,4-7PM,774658,0
I-710,20160530,N,4-7PM,774672,69.6090426
I-710,20160602,N,4-7PM,774672,10.9585987
I-710,20160614,N,4-7PM,774672,11.4090909
I-710,20160616,N,4-7PM,774672,13.976378
I-710,20170530,N,4-7PM,774672,15.6069519
I-710,20170602,N,4-7PM,774672,14.8766756
I-710,20170612,N,4-7PM,774672,20.1090909
I-710,20170614,N,4-7PM,774672,8.75537634
I-710,20170616,N,4-7PM,774672,11.198939
I-710,20160530,N,4-7PM,774685,0
I-710,20160602,N,4-7PM,774685,0
I-710,20160614,N,4-7PM,774685,0
I-710,20160616,N,4-7PM,774685,0
I-710,20170530,N,4-7PM,774685,0
I-710,20170602,N,4-7PM,774685,0
I-710,20170612,N,4-7PM,774685,0
I-710,20170614,N,4-7PM,774685,0
I-710,20170616,N,4-7PM,774685,0
I-710,20160530,N,4-7PM,775637,0
I-710,20160602,N,4-7PM,775637,0
I-710,20160614,N,4-7PM,775637,0
I-710,20160616,N,4-7PM,775637,0
I-710,20170530,N,4-7PM,775637,0
I-710,20170602,N,4-7PM,775637,0
I-710,20170612,N,4-7PM,775637,0
I-710,20170614,N,4-7PM,775637,0
I-710,20170616,N,4-7PM,775637,0
I-710,20160530,N,4-7PM,716499,66.0026596
I-710,20160602,N,4-7PM,716499,57.4299363
I-710,20160614,N,4-7PM,716499,58.5080214
I-710,20160616,N,4-7PM,716499,54.6351706
I-710,20170530,N,4-7PM,716499,0
I-710,20170602,N,4-7PM,716499,51.536193
I-710,20170612,N,4-7PM,716499,56.4623377
I-710,20170614,N,4-7PM,716499,59.3037634
I-710,20170616,N,4-7PM,716499,51.9867374
I-710,20160531,N,4-7PM,718164,62.3315789
I-710,20160603,N,4-7PM,718164,59.3210526
I-710,20160613,N,4-7PM,718164,66.9708995
I-710,20160615,N,4-7PM,718164,67.0473684
I-710,20160617,N,4-7PM,718164,65.7733333
I-710,20170529,N,4-7PM,718164,0
I-710,20170531,N,4-7PM,718164,0
I-710,20170601,N,4-7PM,718164,66.5982906
I-710,20170613,N,4-7PM,718164,65.7175573
I-710,20170615,N,4-7PM,718164,65.4175532
I-710,20160530,N,4-7PM,718165,0
I-710,20160602,N,4-7PM,718165,0
I-710,20160614,N,4-7PM,718165,0
I-710,20160616,N,4-7PM,718165,0
I-710,20170530,N,4-7PM,718165,20.1016043
I-710,20170602,N,4-7PM,718165,27.6970509
I-710,20170612,N,4-7PM,718165,20.3974026
I-710,20170614,N,4-7PM,718165,12.5483871
I-710,20170616,N,4-7PM,718165,20.5782493
I-710,20160531,N,4-7PM,763304,0
I-710,20160603,N,4-7PM,763304,0
I-710,20160613,N,4-7PM,763304,0
I-710,20160615,N,4-7PM,763304,0
I-710,20160617,N,4-7PM,763304,0
I-710,20170529,N,4-7PM,763304,70
I-710,20170531,N,4-7PM,763304,70
I-710,20170601,N,4-7PM,763304,69.7008547
I-710,20170613,N,4-7PM,763304,70
I-710,20170615,N,4-7PM,763304,70
I-710,20160530,N,4-7PM,763372,68.787234
I-710,20160602,N,4-7PM,763372,64.022293
I-710,20160614,N,4-7PM,763372,65.2219251
I-710,20160616,N,4-7PM,763372,52.855643
I-710,20170530,N,4-7PM,763372,0
I-710,20170602,N,4-7PM,763372,58.5254692
I-710,20170612,N,4-7PM,763372,59.8233766
I-710,20170614,N,4-7PM,763372,63.9731183
I-710,20170616,N,4-7PM,763372,62.5437666
I-710,20160531,N,4-7PM,763384,52.4789474
I-710,20160603,N,4-7PM,763384,39.9289474
I-710,20160613,N,4-7PM,763384,59.6746032
I-710,20160615,N,4-7PM,763384,56.9447368
I-710,20160617,N,4-7PM,763384,38.5733333
I-710,20170529,N,4-7PM,763384,0
I-710,20170531,N,4-7PM,763384,0
I-710,20170601,N,4-7PM,763384,0
I-710,20170613,N,4-7PM,763384,53.8982188
I-710,20170615,N,4-7PM,763384,40.8085106
I-710,20160530,N,4-7PM,763392,62.2234043
I-710,20160602,N,4-7PM,763392,49.6592357
I-710,20160614,N,4-7PM,763392,51.684492
I-710,20160616,N,4-7PM,763392,48.7270341
I-710,20170530,N,4-7PM,763392,49.2941176
I-710,20170602,N,4-7PM,763392,43.1045576
I-710,20170612,N,4-7PM,763392,21.9922078
I-710,20170614,N,4-7PM,763392,36.3978495
I-710,20170616,N,4-7PM,763392,7.78514589
I-710,20160530,N,4-7PM,763400,67.2553191
I-710,20160602,N,4-7PM,763400,59.7579618
I-710,20160614,N,4-7PM,763400,0
I-710,20160616,N,4-7PM,763400,0
I-710,20170530,N,4-7PM,763400,62.3101604
I-710,20170602,N,4-7PM,763400,60.075067
I-710,20170612,N,4-7PM,763400,59.8857143
I-710,20170614,N,4-7PM,763400,61.3064516
I-710,20170616,N,4-7PM,763400,60.8116711
I-710,20160530,N,4-7PM,763408,36.6781915
I-710,20160602,N,4-7PM,763408,54.9267516
I-710,20160614,N,4-7PM,763408,57.2887701
I-710,20160616,N,4-7PM,763408,55.8897638
I-710,20170530,N,4-7PM,763408,0
I-710,20170602,N,4-7PM,763408,55.2680965
I-710,20170612,N,4-7PM,763408,37.3038961
I-710,20170614,N,4-7PM,763408,47.9489247
I-710,20170616,N,4-7PM,763408,54.1962865
I-710,20160530,N,4-7PM,763419,43.5106383
I-710,20160602,N,4-7PM,763419,63.6146497
I-710,20160614,N,4-7PM,763419,65.2112299
I-710,20160616,N,4-7PM,763419,64.1049869
I-710,20170530,N,4-7PM,763419,0
I-710,20170602,N,4-7PM,763419,63.2386059
I-710,20170612,N,4-7PM,763419,41.7766234
I-710,20170614,N,4-7PM,763419,54.3225806
I-710,20170616,N,4-7PM,763419,61.6525199
I-710,20160530,N,4-7PM,763424,63.625
I-710,20160602,N,4-7PM,763424,57.0031847
I-710,20160614,N,4-7PM,763424,59.7433155
I-710,20160616,N,4-7PM,763424,57.7244094
I-710,20170530,N,4-7PM,763424,0
I-710,20170602,N,4-7PM,763424,56.5924933
I-710,20170612,N,4-7PM,763424,59.5454545
I-710,20170614,N,4-7PM,763424,57.1290323
I-710,20170616,N,4-7PM,763424,51.4535809
I-710,20160531,N,4-7PM,763429,49.7184211
I-710,20160603,N,4-7PM,763429,60.5947368
I-710,20160613,N,4-7PM,763429,66.2222222
I-710,20160615,N,4-7PM,763429,66.8947368
I-710,20160617,N,4-7PM,763429,65.624
I-710,20170529,N,4-7PM,763429,0
I-710,20170531,N,4-7PM,763429,0
I-710,20170601,N,4-7PM,763429,65.6623932
I-710,20170613,N,4-7PM,763429,65.2442748
I-710,20170615,N,4-7PM,763429,62.1223404
I-710,20160531,N,4-7PM,763434,69.8157895
I-710,20160603,N,4-7PM,763434,70
I-710,20160613,N,4-7PM,763434,70
I-710,20160615,N,4-7PM,763434,70
I-710,20160617,N,4-7PM,763434,69.8133333
I-710,20170529,N,4-7PM,763434,0
I-710,20170531,N,4-7PM,763434,0
I-710,20170601,N,4-7PM,763434,0
I-710,20170613,N,4-7PM,763434,69.6437659
I-710,20170615,N,4-7PM,763434,69.6276596
I-710,20160530,N,4-7PM,763439,68.3005319
I-710,20160602,N,4-7PM,763439,43.3853503
I-710,20160614,N,4-7PM,763439,45.7085561
I-710,20160616,N,4-7PM,763439,37.2178478
I-710,20170530,N,4-7PM,763439,0
I-710,20170602,N,4-7PM,763439,28.0241287
I-710,20170612,N,4-7PM,763439,48.3090909
I-710,20170614,N,4-7PM,763439,35.4032258
I-710,20170616,N,4-7PM,763439,28.7427056
I-710,20160531,N,4-7PM,763720,51.1578947
I-710,20160603,N,4-7PM,763720,53.0131579
I-710,20160613,N,4-7PM,763720,65.3862434
I-710,20160615,N,4-7PM,763720,63.8684211
I-710,20160617,N,4-7PM,763720,38.7253333
I-710,20170529,N,4-7PM,763720,0
I-710,20170531,N,4-7PM,763720,0
I-710,20170601,N,4-7PM,763720,66.2905983
I-710,20170613,N,4-7PM,763720,62.0839695
I-710,20170615,N,4-7PM,763720,48.5265957
I-710,20160530,N,4-7PM,764032,0
I-710,20160602,N,4-7PM,764032,0
I-710,20160614,N,4-7PM,764032,0
I-710,20160616,N,4-7PM,764032,0
I-710,20170530,N,4-7PM,764032,0
I-710,20170602,N,4-7PM,764032,0
I-710,20170612,N,4-7PM,764032,0
I-710,20170614,N,4-7PM,764032,0
I-710,20170616,N,4-7PM,764032,0
I-710,20160530,N,4-7PM,772501,65.3218085
I-710,20160602,N,4-7PM,772501,22.5063694
I-710,20160614,N,4-7PM,772501,16.7673797
I-710,20160616,N,4-7PM,772501,17.2388451
I-710,20170530,N,4-7PM,772501,19.4064171
I-710,20170602,N,4-7PM,772501,6.77479893
I-710,20170612,N,4-7PM,772501,0.08831169
I-710,20170614,N,4-7PM,772501,17.8736559
I-710,20170616,N,4-7PM,772501,0
I-710,20160531,N,4-7PM,774658,0
I-710,20160603,N,4-7PM,774658,0
I-710,20160613,N,4-7PM,774658,0
I-710,20160615,N,4-7PM,774658,0
I-710,20160617,N,4-7PM,774658,0
I-710,20170529,N,4-7PM,774658,0
I-710,20170531,N,4-7PM,774658,0
I-710,20170601,N,4-7PM,774658,0
I-710,20170613,N,4-7PM,774658,0
I-710,20170615,N,4-7PM,774658,0
I-710,20160531,N,4-7PM,774672,47.0657895
I-710,20160603,N,4-7PM,774672,12.3736842
I-710,20160613,N,4-7PM,774672,20.5820106
I-710,20160615,N,4-7PM,774672,8.84473684
I-710,20160617,N,4-7PM,774672,19.7013333
I-710,20170529,N,4-7PM,774672,69.2932331
I-710,20170531,N,4-7PM,774672,13.9110512
I-710,20170601,N,4-7PM,774672,24.1880342
I-710,20170613,N,4-7PM,774672,11.4478372
I-710,20170615,N,4-7PM,774672,7.7712766
I-710,20160531,N,4-7PM,774685,0
I-710,20160603,N,4-7PM,774685,0
I-710,20160613,N,4-7PM,774685,0
I-710,20160615,N,4-7PM,774685,0
I-710,20160617,N,4-7PM,774685,0
I-710,20170529,N,4-7PM,774685,0
I-710,20170531,N,4-7PM,774685,0
I-710,20170601,N,4-7PM,774685,0
I-710,20170613,N,4-7PM,774685,0
I-710,20170615,N,4-7PM,774685,0
I-710,20160531,N,4-7PM,775637,0
I-710,20160603,N,4-7PM,775637,0
I-710,20160613,N,4-7PM,775637,0
I-710,20160615,N,4-7PM,775637,0
I-710,20160617,N,4-7PM,775637,0
I-710,20170529,N,4-7PM,775637,0
I-710,20170531,N,4-7PM,775637,0
I-710,20170601,N,4-7PM,775637,0
I-710,20170613,N,4-7PM,775637,0
I-710,20170615,N,4-7PM,775637,0
I-710,20160530,S,4-7PM,716500,66.4095745
I-710,20160602,S,4-7PM,716500,55.1019108
I-710,20160614,S,4-7PM,716500,56.5320856
I-710,20160616,S,4-7PM,716500,59.4829396
I-710,20170530,S,4-7PM,716500,0
I-710,20170602,S,4-7PM,716500,55.6461126
I-710,20170612,S,4-7PM,716500,58.7714286
I-710,20170614,S,4-7PM,716500,50.3037634
I-710,20170616,S,4-7PM,716500,58.8090186
I-710,20160530,S,4-7PM,718041,57.5265957
I-710,20160602,S,4-7PM,718041,17.2547771
I-710,20160614,S,4-7PM,718041,18.7513369
I-710,20160616,S,4-7PM,718041,20.0787402
I-710,20170530,S,4-7PM,718041,0
I-710,20170602,S,4-7PM,718041,0
I-710,20170612,S,4-7PM,718041,0
I-710,20170614,S,4-7PM,718041,0
I-710,20170616,S,4-7PM,718041,0
I-710,20160530,S,4-7PM,718166,0
I-710,20160602,S,4-7PM,718166,0
I-710,20160614,S,4-7PM,718166,0
I-710,20160616,S,4-7PM,718166,0
I-710,20170530,S,4-7PM,718166,70
I-710,20170602,S,4-7PM,718166,70
I-710,20170612,S,4-7PM,718166,70
I-710,20170614,S,4-7PM,718166,70
I-710,20170616,S,4-7PM,718166,70
I-710,20160530,S,4-7PM,718173,70
I-710,20160602,S,4-7PM,718173,70
I-710,20160614,S,4-7PM,718173,70
I-710,20160616,S,4-7PM,718173,70
I-710,20170530,S,4-7PM,718173,0
I-710,20170602,S,4-7PM,718173,0
I-710,20170612,S,4-7PM,718173,0
I-710,20170614,S,4-7PM,718173,0
I-710,20170616,S,4-7PM,718173,0
I-710,20160530,S,4-7PM,760635,0
I-710,20160602,S,4-7PM,760635,0
I-710,20160614,S,4-7PM,760635,0
I-710,20160616,S,4-7PM,760635,0
I-710,20170530,S,4-7PM,760635,27.3262032
I-710,20170602,S,4-7PM,760635,32.9034853
I-710,20170612,S,4-7PM,760635,27.6207792
I-710,20170614,S,4-7PM,760635,17.4112903
I-710,20170616,S,4-7PM,760635,27.8435013
I-710,20160531,S,4-7PM,760643,0
I-710,20160603,S,4-7PM,760643,0
I-710,20160613,S,4-7PM,760643,0
I-710,20160615,S,4-7PM,760643,0
I-710,20160617,S,4-7PM,760643,0
I-710,20170529,S,4-7PM,760643,0
I-710,20170531,S,4-7PM,760643,0
I-710,20170601,S,4-7PM,760643,0
I-710,20170613,S,4-7PM,760643,0
I-710,20170615,S,4-7PM,760643,0
I-710,20160531,S,4-7PM,763246,23.0763158
I-710,20160603,S,4-7PM,763246,24.8342105
I-710,20160613,S,4-7PM,763246,20.0661376
I-710,20160615,S,4-7PM,763246,12.4763158
I-710,20160617,S,4-7PM,763246,24.064
I-710,20170529,S,4-7PM,763246,0
I-710,20170531,S,4-7PM,763246,0
I-710,20170601,S,4-7PM,763246,19.9188034
I-710,20170613,S,4-7PM,763246,10.8371501
I-710,20170615,S,4-7PM,763246,11.0691489
I-710,20160531,S,4-7PM,763251,24.8710526
I-710,20160603,S,4-7PM,763251,28.3552632
I-710,20160613,S,4-7PM,763251,26.484127
I-710,20160615,S,4-7PM,763251,20.5447368
I-710,20160617,S,4-7PM,763251,27.232
I-710,20170529,S,4-7PM,763251,0
I-710,20170531,S,4-7PM,763251,0
I-710,20170601,S,4-7PM,763251,0
I-710,20170613,S,4-7PM,763251,0
I-710,20170615,S,4-7PM,763251,0
I-710,20160531,S,4-7PM,763259,37.3421053
I-710,20160603,S,4-7PM,763259,27.8578947
I-710,20160613,S,4-7PM,763259,35.0343915
I-710,20160615,S,4-7PM,763259,27.7657895
I-710,20160617,S,4-7PM,763259,36.7066667
I-710,20170529,S,4-7PM,763259,65.2155388
I-710,20170531,S,4-7PM,763259,40.2183288
I-710,20170601,S,4-7PM,763259,35.1880342
I-710,20170613,S,4-7PM,763259,37.9618321
I-710,20170615,S,4-7PM,763259,18.4760638
I-710,20160530,S,4-7PM,763267,44.2340426
I-710,20160602,S,4-7PM,763267,34.1464968
I-710,20160614,S,4-7PM,763267,33.3823529
I-710,20160616,S,4-7PM,763267,31.9475066
I-710,20170530,S,4-7PM,763267,0
I-710,20170602,S,4-7PM,763267,35.2949062
I-710,20170612,S,4-7PM,763267,34.7714286
I-710,20170614,S,4-7PM,763267,30.4032258
I-710,20170616,S,4-7PM,763267,34.8594164
I-710,20160531,S,4-7PM,763275,69.8157895
I-710,20160603,S,4-7PM,763275,63.5526316
I-710,20160613,S,4-7PM,763275,70
I-710,20160615,S,4-7PM,763275,70
I-710,20160617,S,4-7PM,763275,69.6266667
I-710,20170529,S,4-7PM,763275,0
I-710,20170531,S,4-7PM,763275,0
I-710,20170601,S,4-7PM,763275,6.06837607
I-710,20170613,S,4-7PM,763275,4.61832061
I-710,20170615,S,4-7PM,763275,20.8138298
I-710,20160531,S,4-7PM,763286,59.3236842
I-710,20160603,S,4-7PM,763286,53.1105263
I-710,20160613,S,4-7PM,763286,60.6296296
I-710,20160615,S,4-7PM,763286,60.0789474
I-710,20160617,S,4-7PM,763286,60.4
I-710,20170529,S,4-7PM,763286,0
I-710,20170531,S,4-7PM,763286,0
I-710,20170601,S,4-7PM,763286,60.8119658
I-710,20170613,S,4-7PM,763286,52.7531807
I-710,20170615,S,4-7PM,763286,50.8510638
I-710,20160530,S,4-7PM,763294,44.8670213
I-710,20160602,S,4-7PM,763294,70
I-710,20160614,S,4-7PM,763294,69.6256684
I-710,20160616,S,4-7PM,763294,70
I-710,20170530,S,4-7PM,763294,0
I-710,20170602,S,4-7PM,763294,57.4209115
I-710,20170612,S,4-7PM,763294,57.7896104
I-710,20170614,S,4-7PM,763294,53.7365591
I-710,20170616,S,4-7PM,763294,57.8514589
I-710,20160531,S,4-7PM,763299,66.3447368
I-710,20160603,S,4-7PM,763299,64.7210526
I-710,20160613,S,4-7PM,763299,67.5634921
I-710,20160615,S,4-7PM,763299,66.5289474
I-710,20160617,S,4-7PM,763299,63.2373333
I-710,20170529,S,4-7PM,763299,69.2531328
I-710,20170531,S,4-7PM,763299,66.3396226
I-710,20170601,S,4-7PM,763299,66.7991453
I-710,20170613,S,4-7PM,763299,67.0534351
I-710,20170615,S,4-7PM,763299,67.2739362
I-710,20160530,S,4-7PM,763377,66.7845745
I-710,20160602,S,4-7PM,763377,61.7611465
I-710,20160614,S,4-7PM,763377,62.6470588
I-710,20160616,S,4-7PM,763377,62.9186352
I-710,20170530,S,4-7PM,763377,0
I-710,20170602,S,4-7PM,763377,63.0241287
I-710,20170612,S,4-7PM,763377,63.374026
I-710,20170614,S,4-7PM,763377,61.7069892
I-710,20170616,S,4-7PM,763377,63.1803714
I-710,20160530,S,4-7PM,763447,54.4680851
I-710,20160602,S,4-7PM,763447,20.5700637
I-710,20160614,S,4-7PM,763447,21.6122995
I-710,20160616,S,4-7PM,763447,22.007874
I-710,20170530,S,4-7PM,763447,0
I-710,20170602,S,4-7PM,763447,18.4664879
I-710,20170612,S,4-7PM,763447,17.7376623
I-710,20170614,S,4-7PM,763447,11.3037634
I-710,20170616,S,4-7PM,763447,14.1591512
I-710,20160530,S,4-7PM,764037,0
I-710,20160602,S,4-7PM,764037,0
I-710,20160614,S,4-7PM,764037,0
I-710,20160616,S,4-7PM,764037,0
I-710,20170530,S,4-7PM,764037,0
I-710,20170602,S,4-7PM,764037,0
I-710,20170612,S,4-7PM,764037,0
I-710,20170614,S,4-7PM,764037,0
I-710,20170616,S,4-7PM,764037,0
I-710,20160531,S,4-7PM,774671,29.5894737
I-710,20160603,S,4-7PM,774671,29.0157895
I-710,20160613,S,4-7PM,774671,26.4365079
I-710,20160615,S,4-7PM,774671,13.3868421
I-710,20160617,S,4-7PM,774671,29.6693333
I-710,20170529,S,4-7PM,774671,69.6817043
I-710,20170531,S,4-7PM,774671,18.9433962
I-710,20170601,S,4-7PM,774671,22.6923077
I-710,20170613,S,4-7PM,774671,12.9338422
I-710,20170615,S,4-7PM,774671,11.337766
I-710,20160531,S,4-7PM,775636,0
I-710,20160603,S,4-7PM,775636,0
I-710,20160613,S,4-7PM,775636,0
I-710,20160615,S,4-7PM,775636,0
I-710,20160617,S,4-7PM,775636,0
I-710,20170529,S,4-7PM,775636,0
I-710,20170531,S,4-7PM,775636,0
I-710,20170601,S,4-7PM,775636,0
I-710,20170613,S,4-7PM,775636,0
I-710,20170615,S,4-7PM,775636,0
I-710,20160531,S,4-7PM,716500,55.6394737
I-710,20160603,S,4-7PM,716500,57.9184211
I-710,20160613,S,4-7PM,716500,57.6719577
I-710,20160615,S,4-7PM,716500,55.6736842
I-710,20160617,S,4-7PM,716500,57.6986667
I-710,20170529,S,4-7PM,716500,0
I-710,20170531,S,4-7PM,716500,0
I-710,20170601,S,4-7PM,716500,54.0854701
I-710,20170613,S,4-7PM,716500,58.5648855
I-710,20170615,S,4-7PM,716500,47.7207447
I-710,20160531,S,4-7PM,718041,25.2921053
I-710,20160603,S,4-7PM,718041,26.3868421
I-710,20160613,S,4-7PM,718041,23.8068783
I-710,20160615,S,4-7PM,718041,16.9947368
I-710,20160617,S,4-7PM,718041,25.8133333
I-710,20170529,S,4-7PM,718041,0
I-710,20170531,S,4-7PM,718041,0
I-710,20170601,S,4-7PM,718041,0
I-710,20170613,S,4-7PM,718041,0
I-710,20170615,S,4-7PM,718041,0
I-710,20160531,S,4-7PM,718166,0
I-710,20160603,S,4-7PM,718166,0
I-710,20160613,S,4-7PM,718166,0
I-710,20160615,S,4-7PM,718166,0
I-710,20160617,S,4-7PM,718166,0
I-710,20170529,S,4-7PM,718166,70
I-710,20170531,S,4-7PM,718166,70
I-710,20170601,S,4-7PM,718166,69.7008547
I-710,20170613,S,4-7PM,718166,70
I-710,20170615,S,4-7PM,718166,70
I-710,20160531,S,4-7PM,718173,70
I-710,20160603,S,4-7PM,718173,70
I-710,20160613,S,4-7PM,718173,70
I-710,20160615,S,4-7PM,718173,70
I-710,20160617,S,4-7PM,718173,70
I-710,20170529,S,4-7PM,718173,0
I-710,20170531,S,4-7PM,718173,0
I-710,20170601,S,4-7PM,718173,0
I-710,20170613,S,4-7PM,718173,0
I-710,20170615,S,4-7PM,718173,0
I-710,20160531,S,4-7PM,760635,0
I-710,20160603,S,4-7PM,760635,0
I-710,20160613,S,4-7PM,760635,0
I-710,20160615,S,4-7PM,760635,0
I-710,20160617,S,4-7PM,760635,0
I-710,20170529,S,4-7PM,760635,69.3834586
I-710,20170531,S,4-7PM,760635,27.3557951
I-710,20170601,S,4-7PM,760635,33.2136752
I-710,20170613,S,4-7PM,760635,21.6157761
I-710,20170615,S,4-7PM,760635,18.9601064
I-710,20160530,S,4-7PM,760643,0
I-710,20160602,S,4-7PM,760643,0
I-710,20160614,S,4-7PM,760643,0
I-710,20160616,S,4-7PM,760643,0
I-710,20170530,S,4-7PM,760643,0
I-710,20170602,S,4-7PM,760643,0
I-710,20170612,S,4-7PM,760643,0
I-710,20170614,S,4-7PM,760643,0
I-710,20170616,S,4-7PM,760643,0
I-710,20160530,S,4-7PM,763246,57.9042553
I-710,20160602,S,4-7PM,763246,14.2929936
I-710,20160614,S,4-7PM,763246,13.4171123
I-710,20160616,S,4-7PM,763246,17.5301837
I-710,20170530,S,4-7PM,763246,0
I-710,20170602,S,4-7PM,763246,18.6514745
I-710,20170612,S,4-7PM,763246,15.7428571
I-710,20170614,S,4-7PM,763246,12.5672043
I-710,20170616,S,4-7PM,763246,13.2175066
I-710,20160530,S,4-7PM,763251,66.7898936
I-710,20160602,S,4-7PM,763251,20.6210191
I-710,20160614,S,4-7PM,763251,21.8636364
I-710,20160616,S,4-7PM,763251,21.7506562
I-710,20170530,S,4-7PM,763251,0
I-710,20170602,S,4-7PM,763251,0
I-710,20170612,S,4-7PM,763251,0
I-710,20170614,S,4-7PM,763251,0
I-710,20170616,S,4-7PM,763251,0
I-710,20160530,S,4-7PM,763259,65.0079787
I-710,20160602,S,4-7PM,763259,23.4235669
I-710,20160614,S,4-7PM,763259,30.9304813
I-710,20160616,S,4-7PM,763259,28.3779528
I-710,20170530,S,4-7PM,763259,43.8823529
I-710,20170602,S,4-7PM,763259,33.3512064
I-710,20170612,S,4-7PM,763259,46.5844156
I-710,20170614,S,4-7PM,763259,26.9274194
I-710,20170616,S,4-7PM,763259,15.7374005
I-710,20160531,S,4-7PM,763267,40.4789474
I-710,20160603,S,4-7PM,763267,30.4578947
I-710,20160613,S,4-7PM,763267,41.0343915
I-710,20160615,S,4-7PM,763267,32.1631579
I-710,20160617,S,4-7PM,763267,36.2773333
I-710,20170529,S,4-7PM,763267,0
I-710,20170531,S,4-7PM,763267,0
I-710,20170601,S,4-7PM,763267,40.2435897
I-710,20170613,S,4-7PM,763267,27.956743
I-710,20170615,S,4-7PM,763267,30.125
I-710,20160530,S,4-7PM,763275,44.4946809
I-710,20160602,S,4-7PM,763275,70
I-710,20160614,S,4-7PM,763275,70
I-710,20160616,S,4-7PM,763275,70
I-710,20170530,S,4-7PM,763275,0
I-710,20170602,S,4-7PM,763275,7.1689008
I-710,20170612,S,4-7PM,763275,6.91168831
I-710,20170614,S,4-7PM,763275,10.5215054
I-710,20170616,S,4-7PM,763275,26.066313
I-710,20160530,S,4-7PM,763286,43.7898936
I-710,20160602,S,4-7PM,763286,56.1592357
I-710,20160614,S,4-7PM,763286,60.9251337
I-710,20160616,S,4-7PM,763286,55.2703412
I-710,20170530,S,4-7PM,763286,0
I-710,20170602,S,4-7PM,763286,57.5576408
I-710,20170612,S,4-7PM,763286,58.7454545
I-710,20170614,S,4-7PM,763286,53.2150538
I-710,20170616,S,4-7PM,763286,59.3395225
I-710,20160531,S,4-7PM,763294,69.8157895
I-710,20160603,S,4-7PM,763294,63.3684211
I-710,20160613,S,4-7PM,763294,70
I-710,20160615,S,4-7PM,763294,69.8157895
I-710,20160617,S,4-7PM,763294,69.44
I-710,20170529,S,4-7PM,763294,0
I-710,20170531,S,4-7PM,763294,0
I-710,20170601,S,4-7PM,763294,59.8461538
I-710,20170613,S,4-7PM,763294,58.4631043
I-710,20170615,S,4-7PM,763294,51.6117021
I-710,20160530,S,4-7PM,763299,68.7473404
I-710,20160602,S,4-7PM,763299,63.1942675
I-710,20160614,S,4-7PM,763299,66.9385027
I-710,20160616,S,4-7PM,763299,65.7139108
I-710,20170530,S,4-7PM,763299,66.1283422
I-710,20170602,S,4-7PM,763299,0
I-710,20170612,S,4-7PM,763299,67.1038961
I-710,20170614,S,4-7PM,763299,66.1102151
I-710,20170616,S,4-7PM,763299,67.5437666
I-710,20160531,S,4-7PM,763377,62.1868421
I-710,20160603,S,4-7PM,763377,62.55
I-710,20160613,S,4-7PM,763377,63.031746
I-710,20160615,S,4-7PM,763377,61.6684211
I-710,20160617,S,4-7PM,763377,61.0106667
I-710,20170529,S,4-7PM,763377,0
I-710,20170531,S,4-7PM,763377,0
I-710,20170601,S,4-7PM,763377,63.3119658
I-710,20170613,S,4-7PM,763377,62.4351145
I-710,20170615,S,4-7PM,763377,62.125
I-710,20160531,S,4-7PM,763447,29.4131579
I-710,20160603,S,4-7PM,763447,28.7947368
I-710,20160613,S,4-7PM,763447,27.8544974
I-710,20160615,S,4-7PM,763447,18.6921053
I-710,20160617,S,4-7PM,763447,28.4613333
I-710,20170529,S,4-7PM,763447,0
I-710,20170531,S,4-7PM,763447,0
I-710,20170601,S,4-7PM,763447,21.6153846
I-710,20170613,S,4-7PM,763447,12.5954198
I-710,20170615,S,4-7PM,763447,12.3031915
I-710,20160531,S,4-7PM,764037,0
I-710,20160603,S,4-7PM,764037,0
I-710,20160613,S,4-7PM,764037,0
I-710,20160615,S,4-7PM,764037,0
I-710,20160617,S,4-7PM,764037,0
I-710,20170529,S,4-7PM,764037,0
I-710,20170531,S,4-7PM,764037,0
I-710,20170601,S,4-7PM,764037,0
I-710,20170613,S,4-7PM,764037,0
I-710,20170615,S,4-7PM,764037,0
I-710,20160530,S,4-7PM,774671,69.6941489
I-710,20160602,S,4-7PM,774671,17.7515924
I-710,20160614,S,4-7PM,774671,16.8983957
I-710,20160616,S,4-7PM,774671,20.519685
I-710,20170530,S,4-7PM,774671,18.2058824
I-710,20170602,S,4-7PM,774671,25.7453083
I-710,20170612,S,4-7PM,774671,18.0909091
I-710,20170614,S,4-7PM,774671,10.2365591
I-710,20170616,S,4-7PM,774671,18.2970822
I-710,20160530,S,4-7PM,775636,0
I-710,20160602,S,4-7PM,775636,0
I-710,20160614,S,4-7PM,775636,0
I-710,20160616,S,4-7PM,775636,0
I-710,20170530,S,4-7PM,775636,0
I-710,20170602,S,4-7PM,775636,0
I-710,20170612,S,4-7PM,775636,0
I-710,20170614,S,4-7PM,775636,0
I-710,20170616,S,4-7PM,775636,0