segment,direction,link,lon,lat
I-405A,N,771767,-118.472099,34.255476
I-405A,N,771808,-118.47213,34.249321
I-405A,N,717827,-118.47292,34.236034
I-405A,N,717825,-118.473074,34.22164
I-405A,N,767367,-118.473111,34.212166
I-405A,N,717823,-118.473255,34.202638
I-405A,N,717819,-118.474071,34.187843
I-405A,N,767351,-118.470218,34.180219
I-405A,N,717818,-118.467528,34.172195
I-405A,N,767812,-118.468694,34.167832
I-405A,N,775225,-118.469376,34.147962
I-405A,N,716739,-118.471264,34.142186
I-405A,N,716738,-118.471263,34.139113
I-405A,N,717806,-118.477012,34.124314
I-405A,N,775120,-118.480125,34.120413
I-405A,N,716733,-118.48158,34.110568
I-405A,N,775183,-118.477151,34.10314
I-405A,N,717804,-118.476047,34.094782
I-405A,N,775137,-118.475188,34.088887
I-405A,N,717801,-118.469907,34.077251
I-405A,N,717800,-118.465871,34.072019
I-405A,N,717799,-118.461608,34.067222
I-405A,N,775261,-118.45817,34.063342
I-405A,N,717798,-118.452263,34.056074
I-405A,N,775155,-118.448756,34.05027
I-405A,N,717797,-118.44716,34.047688
I-405A,N,716720,-118.442242,34.04201
I-405A,N,717794,-118.437938,34.035704
I-405A,S,717829,-118.472359,34.258576
I-405A,S,717828,-118.47238,34.25698
I-405A,S,771807,-118.472395,34.24932
I-405A,S,768626,-118.473147,34.236017
I-405A,S,717826,-118.47318,34.235001
I-405A,S,717824,-118.473303,34.22078
I-405A,S,767366,-118.473408,34.212164
I-405A,S,737529,-118.473519,34.202638
I-405A,S,717821,-118.47361,34.201117
I-405A,S,765273,-118.474371,34.18949
I-405A,S,765265,-118.47395,34.185288
I-405A,S,767350,-118.470449,34.180108
I-405A,S,767053,-118.467753,34.170913
I-405A,S,765171,-118.468959,34.167886
I-405A,S,717816,-118.4686,34.15562
I-405A,S,717809,-118.46974,34.148059
I-405A,S,764754,-118.471558,34.142292
I-405A,S,717807,-118.471043,34.139113
I-405A,S,718315,-118.478728,34.122573
I-405A,S,775121,-118.48039,34.120577
I-405A,S,718314,-118.481743,34.110437
I-405A,S,775184,-118.477416,34.103139
I-405A,S,718312,-118.476688,34.095819
I-405A,S,775136,-118.475452,34.088886
I-405A,S,718310,-118.467353,34.073625
I-405A,S,775239,-118.465977,34.071858
I-405A,S,775249,-118.461823,34.067148
I-405A,S,718308,-118.458389,34.063194
I-405A,S,718304,-118.453429,34.057207
I-405A,S,718302,-118.451073,34.054368
I-405A,S,775156,-118.448756,34.050215
I-405A,S,718300,-118.446433,34.046595
I-405A,S,716719,-118.442407,34.04188
I-405A,S,717795,-118.438157,34.035598
I-405A,S,775165,-118.436552,34.033305
I-405B,N,768969,-118.433107,34.030845
I-405B,N,718500,-118.429852,34.026762
I-405B,N,772455,-118.425434,34.021282
I-405B,N,716714,-118.422478,34.017528
I-405B,N,772437,-118.418991,34.013171
I-405B,N,717790,-118.417479,34.011157
I-405B,N,717787,-118.411239,34.003299
I-405B,N,768643,-118.407138,33.998098
I-405B,N,718292,-118.401142,33.990485
I-405B,N,769496,-118.400367,33.989602
I-405B,N,718291,-118.39423,33.981743
I-405B,N,771969,-118.388236,33.977221
I-405B,N,717779,-118.377764,33.971841
I-405B,N,764583,-118.370621,33.966144
I-405B,N,717777,-118.369793,33.96351
I-405B,N,717776,-118.369262,33.961187
I-405B,N,769228,-118.369156,33.958678
I-405B,N,761492,-118.36831,33.946605
I-405B,N,761482,-118.368294,33.943746
I-405B,N,759427,-118.368282,33.935638
I-405B,N,716694,-118.368733,33.922518
I-405B,N,761455,-118.369768,33.918035
I-405B,N,717769,-118.370335,33.912098
I-405B,N,716689,-118.37029,33.907645
I-405B,N,717765,-118.370294,33.902885
I-405B,N,717763,-118.370328,33.900108
I-405B,N,717760,-118.36324,33.892441
I-405B,N,717758,-118.359508,33.889777
I-405B,N,717755,-118.351038,33.883688
I-405B,N,717752,-118.34488,33.876829
I-405B,N,717750,-118.342941,33.874083
I-405B,N,718267,-118.335334,33.867324
I-405B,N,718266,-118.325416,33.864373
I-405B,N,716670,-118.317951,33.862123
I-405B,N,717742,-118.299161,33.859916
I-405B,N,717744,-118.307284,33.859903
I-405B,N,717740,-118.290344,33.859482
I-405B,N,716663,-118.286876,33.858128
I-405B,S,769248,-118.286997,33.857946
I-405B,S,769195,-118.290394,33.859312
I-405B,S,761526,-118.297144,33.859747
I-405B,S,718262,-118.311377,33.860032
I-405B,S,717746,-118.318031,33.861935
I-405B,S,718265,-118.328078,33.864956
I-405B,S,716674,-118.335421,33.867162
I-405B,S,764604,-118.341596,33.871817
I-405B,S,717751,-118.343113,33.873978
I-405B,S,717753,-118.34513,33.876739
I-405B,S,718275,-118.353945,33.885526
I-405B,S,718479,-118.359626,33.889598
I-405B,S,718277,-118.362964,33.892034
I-405B,S,718280,-118.370532,33.900107
I-405B,S,717766,-118.370518,33.907652
I-405B,S,759422,-118.370351,33.91578
I-405B,S,761541,-118.370525,33.912963
I-405B,S,761552,-118.369447,33.92018
I-405B,S,764598,-118.368487,33.92661
I-405B,S,764590,-118.368469,33.931543
I-405B,S,767827,-118.368428,33.935626
I-405B,S,718284,-118.368657,33.94296
I-405B,S,765153,-118.368644,33.947331
I-405B,S,717772,-118.369444,33.958625
I-405B,S,764572,-118.36988,33.963039
I-405B,S,764578,-118.370588,33.965413
I-405B,S,718287,-118.377868,33.971692
I-405B,S,771954,-118.387111,33.976483
I-405B,S,718290,-118.394402,33.981637
I-405B,S,764567,-118.398747,33.987109
I-405B,S,764671,-118.401692,33.990834
I-405B,S,761500,-118.407366,33.998015
I-405B,S,717788,-118.411732,34.003542
I-405B,S,718296,-118.41649,34.009564
I-405B,S,772438,-118.419222,34.01306
I-405B,S,772527,-118.422742,34.017417
I-405B,S,772454,-118.425665,34.021198
I-405B,S,718297,-118.430039,34.026694
I-405B,S,768968,-118.433239,34.030899
I-10A,E,763646,-118.488781,34.012963
I-10A,E,759257,-118.483651,34.016144
I-10A,E,737229,-118.479789,34.019044
I-10A,E,737237,-118.473516,34.023269
I-10A,E,737246,-118.468009,34.024727
I-10A,E,737257,-118.459757,34.026829
I-10A,E,776518,-118.453486,34.027527
I-10A,E,765506,-118.451568,34.027636
I-10A,E,737278,-118.4483,34.028408
I-10A,E,764054,-118.43848,34.030502
I-10A,E,718410,-118.431782,34.031447
I-10A,E,764125,-118.430302,34.031591
I-10A,E,764130,-118.429761,34.031634
I-10A,E,718412,-118.422033,34.031675
I-10A,E,763336,-118.416246,34.031701
I-10A,E,717008,-118.410797,34.030503
I-10A,E,717009,-118.404731,34.029704
I-10A,E,768584,-118.393001,34.029663
I-10A,E,717011,-118.389787,34.031435
I-10A,E,716036,-118.38572,34.03383
I-10A,E,717014,-118.377978,34.036918
I-10A,E,717016,-118.374666,34.036273
I-10A,E,717020,-118.371584,34.035623
I-10A,E,717022,-118.366264,34.034475
I-10A,E,718415,-118.36225,34.03378
I-10A,E,764249,-118.355592,34.033956
I-10A,E,763963,-118.352061,34.034076
I-10A,E,717028,-118.349274,34.034224
I-10A,E,716047,-118.345118,34.034419
I-10A,E,716050,-118.340217,34.034645
I-10A,E,717032,-118.331387,34.035098
I-10A,E,717035,-118.319692,34.036329
I-10A,E,763346,-118.316091,34.036806
I-10A,E,716057,-118.31346,34.037009
I-10A,E,717039,-118.307757,34.037033
I-10A,E,737184,-118.298907,34.036941
I-10A,E,717042,-118.296311,34.036928
I-10A,E,718335,-118.290385,34.036825
I-10A,E,717046,-118.286458,34.036829
I-10A,E,759385,-118.282018,34.037139
I-10A,E,764026,-118.280585,34.037687
I-10A,E,759280,-118.272789,34.037843
I-10A,E,718419,-118.27118,34.037103
I-10A,E,763453,-118.26241,34.031913
I-10A,E,718421,-118.256295,34.029655
I-10A,E,763458,-118.249289,34.025841
I-10A,E,737158,-118.233791,34.026792
I-10A,E,737313,-118.229395,34.028161
I-10A,W,737232,-118.479973,34.019209
I-10A,W,764050,-118.474887,34.022987
I-10A,W,737242,-118.473581,34.023442
I-10A,W,737258,-118.459808,34.027076
I-10A,W,763490,-118.231902,34.027772
I-10A,W,737269,-118.453396,34.027815
I-10A,W,764059,-118.455203,34.027892
I-10A,W,718411,-118.252761,34.027895
I-10A,W,737292,-118.393074,34.029824
I-10A,W,763325,-118.404718,34.029871
I-10A,W,716032,-118.438499,34.030707
I-10A,W,763341,-118.410926,34.030775
I-10A,W,718099,-118.431783,34.031593
I-10A,W,717012,-118.422227,34.031901
I-10A,W,717015,-118.416643,34.031919
I-10A,W,717019,-118.262312,34.032161
I-10A,W,718414,-118.385881,34.033976
I-10A,W,764244,-118.362192,34.034001
I-10A,W,773647,-118.355593,34.03412
I-10A,W,717026,-118.351897,34.034324
I-10A,W,717029,-118.349375,34.034407
I-10A,W,717031,-118.344987,34.034638
I-10A,W,718103,-118.340234,34.034872
I-10A,W,717033,-118.335772,34.035074
I-10A,W,763330,-118.331388,34.035296
I-10A,W,717036,-118.371533,34.035788
I-10A,W,776177,-118.319725,34.036501
I-10A,W,763743,-118.380202,34.036716
I-10A,W,717040,-118.290383,34.037043
I-10A,W,717041,-118.291374,34.037068
I-10A,W,716063,-118.296311,34.037101
I-10A,W,717043,-118.286784,34.037123
I-10A,W,768598,-118.302128,34.037193
I-10A,W,717045,-118.313465,34.037201
I-10A,W,759289,-118.312235,34.037236
I-10A,W,763727,-118.307758,34.037261
I-10A,W,769097,-118.311174,34.037273
I-10A,W,769105,-118.277137,34.03832
I-10A,W,769118,-118.274707,34.038432
I-10A,W,764941,-118.222565,34.053592
I-10B,E,716028,-118.218052,34.055153
I-10B,E,716067,-118.211928,34.054832
I-10B,E,716069,-118.208184,34.053734
I-10B,E,716072,-118.203643,34.05403
I-10B,E,717059,-118.198022,34.05533
I-10B,E,716075,-118.192478,34.055302
I-10B,E,716078,-118.184174,34.055622
I-10B,E,765098,-118.178148,34.058352
I-10B,E,716081,-118.174805,34.059816
I-10B,E,737344,-118.170781,34.061359
I-10B,E,717070,-118.16717,34.061262
I-10B,E,716085,-118.162584,34.061859
I-10B,E,716087,-118.157869,34.064648
I-10B,E,765451,-118.149699,34.068955
I-10B,E,716092,-118.142242,34.071237
I-10B,E,717077,-118.13599,34.071288
I-10B,E,717075,-118.133584,34.071317
I-10B,E,717089,-118.123986,34.071453
I-10B,E,717083,-118.122073,34.071469
I-10B,E,717084,-118.116637,34.071566
I-10B,E,717093,-118.109589,34.071643
I-10B,E,717097,-118.106049,34.071674
I-10B,E,717105,-118.100819,34.071746
I-10B,E,717110,-118.098446,34.07177
I-10B,E,717114,-118.091868,34.071859
I-10B,E,718445,-118.089452,34.071889
I-10B,E,717123,-118.082659,34.07195
I-10B,E,717127,-118.074601,34.072089
I-10B,E,717131,-118.071873,34.072104
I-10B,E,717133,-118.067779,34.072133
I-10B,E,717136,-118.058523,34.072238
I-10B,E,716126,-118.052142,34.072116
I-10B,E,717146,-118.040417,34.068463
I-10B,E,774440,-118.036409,34.068025
I-10B,E,717152,-118.02787,34.067931
I-10B,E,717155,-118.019718,34.067012
I-10B,E,717156,-118.011595,34.064403
I-10B,E,768173,-117.998239,34.0652
I-10B,E,775552,-117.98721,34.066711
I-10B,E,717165,-117.980655,34.067593
I-10B,E,775030,-117.968917,34.069126
I-10B,E,717174,-117.96072,34.070182
I-10B,E,764222,-117.951449,34.071126
I-10B,E,717179,-117.943655,34.071947
I-10B,E,763695,-117.935268,34.0723
I-10B,E,717185,-117.928178,34.072243
I-10B,E,717190,-117.924531,34.072201
I-10B,E,716152,-117.916556,34.072118
I-10B,E,717195,-117.908767,34.072071
I-10B,E,717198,-117.905548,34.072042
I-10B,E,764217,-117.898582,34.071945
I-10B,E,717205,-117.888404,34.071856
I-10B,E,718118,-117.879952,34.071756
I-10B,E,717214,-117.873714,34.071698
I-10B,E,717219,-117.865775,34.070753
I-10B,E,718119,-117.862978,34.069342
I-10B,E,775718,-117.858667,34.067975
I-10B,E,776100,-117.844203,34.068507
I-10B,E,763479,-117.838029,34.068307
I-10B,E,716172,-117.835455,34.067726
I-10B,E,776102,-117.8311,34.065989
I-10B,E,776109,-117.822751,34.063669
I-10B,E,717236,-117.816375,34.063642
I-10B,W,717047,-118.218052,34.055358
I-10B,W,737329,-118.212731,34.055941
I-10B,W,717049,-118.211857,34.05497
I-10B,W,717052,-118.208117,34.053902
I-10B,W,717055,-118.204049,34.0541
I-10B,W,717060,-118.198009,34.055564
I-10B,W,716076,-118.192479,34.055539
I-10B,W,718020,-118.184275,34.05586
I-10B,W,718332,-118.178258,34.058497
I-10B,W,717065,-118.174889,34.059983
I-10B,W,737345,-118.170849,34.061555
I-10B,W,716084,-118.1672,34.061457
I-10B,W,717071,-118.159239,34.064216
I-10B,W,716088,-118.157927,34.064991
I-10B,W,717073,-118.150226,34.069074
I-10B,W,716091,-118.143166,34.071753
I-10B,W,717079,-118.135867,34.071622
I-10B,W,717081,-118.133568,34.071638
I-10B,W,717087,-118.123819,34.071774
I-10B,W,717091,-118.121939,34.071785
I-10B,W,716101,-118.116637,34.071832
I-10B,W,717095,-118.109371,34.071936
I-10B,W,717101,-118.105613,34.07215
I-10B,W,717108,-118.101821,34.072167
I-10B,W,717112,-118.098446,34.072105
I-10B,W,717116,-118.091634,34.07218
I-10B,W,717119,-118.089125,34.072201
I-10B,W,717121,-118.082419,34.072284
I-10B,W,717125,-118.074618,34.072396
I-10B,W,717129,-118.072162,34.072438
I-10B,W,717134,-118.067786,34.072484
I-10B,W,717135,-118.058524,34.072652
I-10B,W,717139,-118.050098,34.07167
I-10B,W,717142,-118.044666,34.06938
I-10B,W,774441,-118.036409,34.068217
I-10B,W,717150,-118.029969,34.068056
I-10B,W,717154,-118.025296,34.068185
I-10B,W,767329,-118.019602,34.067205
I-10B,W,717157,-118.011511,34.064601
I-10B,W,768174,-118.001639,34.065008
I-10B,W,717160,-117.99076,34.066446
I-10B,W,717162,-117.981953,34.067607
I-10B,W,717167,-117.980266,34.067849
I-10B,W,775029,-117.968917,34.069318
I-10B,W,717169,-117.971134,34.069036
I-10B,W,717171,-117.959908,34.070478
I-10B,W,764227,-117.951448,34.071346
I-10B,W,717176,-117.944459,34.072102
I-10B,W,716146,-117.935267,34.072511
I-10B,W,717187,-117.928162,34.072428
I-10B,W,717192,-117.926048,34.072415
I-10B,W,716153,-117.916555,34.072328
I-10B,W,717196,-117.909211,34.072256
I-10B,W,717200,-117.906087,34.072228
I-10B,W,763731,-117.898879,34.07211
I-10B,W,717202,-117.891576,34.072049
I-10B,W,717207,-117.890051,34.072039
I-10B,W,717209,-117.882663,34.071983
I-10B,W,717211,-117.87927,34.07194
I-10B,W,717216,-117.874295,34.071895
I-10B,W,717220,-117.865397,34.070825
I-10B,W,717224,-117.863369,34.069775
I-10B,W,764201,-117.858567,34.06814
I-10B,W,764206,-117.843741,34.068754
I-10B,W,717226,-117.841567,34.069004
I-10B,W,776101,-117.835752,34.067617
I-10B,W,716174,-117.830783,34.066039
I-10B,W,716176,-117.822444,34.063875
I-10B,W,717235,-117.816375,34.063811
I-5A,N,768138,-118.560943,34.371829
I-5A,N,759648,-118.554984,34.362324
I-5A,N,716007,-118.52245,34.341067
I-5A,N,763641,-118.507784,34.333345
I-5A,N,775520,-118.504834,34.333028
I-5A,N,775535,-118.504194,34.331217
I-5A,N,718404,-118.494123,34.319909
I-5A,N,774092,-118.490226,34.316133
I-5A,N,759636,-118.480477,34.304306
I-5A,N,759626,-118.454791,34.278686
I-5A,N,759834,-118.451909,34.275969
I-5A,N,718394,-118.444488,34.267869
I-5A,N,759617,-118.440799,34.262986
I-5A,N,768655,-118.435573,34.257399
I-5A,N,768664,-118.432846,34.254854
I-5A,N,768682,-118.427459,34.249679
I-5A,N,718092,-118.42362,34.246042
I-5A,N,718389,-118.421375,34.243913
I-5A,N,764156,-118.416819,34.239632
I-5A,N,775462,-118.415323,34.238235
I-5A,N,717000,-118.400148,34.231063
I-5A,N,716997,-118.389056,34.227112
I-5A,N,761644,-118.383291,34.226636
I-5A,N,716994,-118.374427,34.225636
I-5A,N,716990,-118.367546,34.222149
I-5A,N,716988,-118.348998,34.212731
I-5A,N,716985,-118.338926,34.200589
I-5A,N,716981,-118.330474,34.194257
I-5A,N,716978,-118.320382,34.186867
I-5A,N,716974,-118.311925,34.17953
I-5A,N,716973,-118.305607,34.171773
I-5A,N,716971,-118.303024,34.16948
I-5A,N,716968,-118.298089,34.165879
I-5A,N,716963,-118.295187,34.163732
I-5A,N,718384,-118.291777,34.159044
I-5A,N,761604,-118.287112,34.154065
I-5A,N,761599,-118.277861,34.142261
I-5A,N,759602,-118.271781,34.121992
I-5A,N,775734,-118.269889,34.119939
I-5A,N,759591,-118.268252,34.115212
I-5A,N,716956,-118.255442,34.106579
I-5A,N,763669,-118.252563,34.104561
I-5A,N,763674,-118.248722,34.101353
I-5A,N,716953,-118.242791,34.094577
I-5A,N,718371,-118.238487,34.09017
I-5A,N,716951,-118.231821,34.08581
I-5A,N,763237,-118.219254,34.075031
I-5A,N,716942,-118.21451,34.059301
I-5A,S,759900,-118.566768,34.380471
I-5A,S,759888,-118.565275,34.377946
I-5A,S,716010,-118.561273,34.371685
I-5A,S,759870,-118.555259,34.361977
I-5A,S,759172,-118.522523,34.340832
I-5A,S,768701,-118.508015,34.333207
I-5A,S,775536,-118.506245,34.330796
I-5A,S,774344,-118.492391,34.318185
I-5A,S,718405,-118.490454,34.316013
I-5A,S,759858,-118.47962,34.303068
I-5A,S,759850,-118.453586,34.277311
I-5A,S,759835,-118.452055,34.275832
I-5A,S,759844,-118.451283,34.275077
I-5A,S,759822,-118.448843,34.272135
I-5A,S,718393,-118.444681,34.26775
I-5A,S,718392,-118.441029,34.262821
I-5A,S,759250,-118.435837,34.257234
I-5A,S,759228,-118.433072,34.254663
I-5A,S,717006,-118.427647,34.249573
I-5A,S,717004,-118.423214,34.245361
I-5A,S,715996,-118.421251,34.243495
I-5A,S,764151,-118.417018,34.239525
I-5A,S,717002,-118.415546,34.238109
I-5A,S,717001,-118.400164,34.230889
I-5A,S,716999,-118.389107,34.226966
I-5A,S,716996,-118.383274,34.226448
I-5A,S,716993,-118.374567,34.22549
I-5A,S,716991,-118.36534,34.221848
I-5A,S,716989,-118.358931,34.221118
I-5A,S,716986,-118.347721,34.211397
I-5A,S,716983,-118.339171,34.200565
I-5A,S,716979,-118.330816,34.19418
I-5A,S,716975,-118.319527,34.186321
I-5A,S,716977,-118.317001,34.184938
I-5A,S,759783,-118.308715,34.177264
I-5A,S,759772,-118.305395,34.171145
I-5A,S,759762,-118.302426,34.168772
I-5A,S,716965,-118.298227,34.165705
I-5A,S,764417,-118.295319,34.163571
I-5A,S,759747,-118.292263,34.159374
I-5A,S,718090,-118.279692,34.148473
I-5A,S,718379,-118.278124,34.142243
I-5A,S,718089,-118.273721,34.127692
I-5A,S,716960,-118.271642,34.121208
I-5A,S,716958,-118.265005,34.11167
I-5A,S,718376,-118.252734,34.104378
I-5A,S,718375,-118.248674,34.100849
I-5A,S,716955,-118.244273,34.095792
I-5A,S,718370,-118.238696,34.09005
I-5A,S,716949,-118.229745,34.08406
I-5A,S,716946,-118.223134,34.081399
I-5A,S,716944,-118.219335,34.0728
I-5A,S,716943,-118.214916,34.05987
I-5A,S,716941,-118.214355,34.057673
I-5B,N,763700,-118.210317,34.027344
I-5B,N,716937,-118.205047,34.0253
I-5B,N,759576,-118.19536,34.021122
I-5B,N,759566,-118.189688,34.020207
I-5B,N,716933,-118.181773,34.020085
I-5B,N,718086,-118.171108,34.015547
I-5B,N,715944,-118.165091,34.013231
I-5B,N,764435,-118.160583,34.010933
I-5B,N,716929,-118.15644,34.007265
I-5B,N,715938,-118.150887,34.00249
I-5B,N,716925,-118.144234,33.994694
I-5B,N,763975,-118.139364,33.989636
I-5B,N,716923,-118.135469,33.985986
I-5B,N,715933,-118.128692,33.979814
I-5B,N,716921,-118.125349,33.975948
I-5B,N,715930,-118.122376,33.970282
I-5B,N,759552,-118.119273,33.963529
I-5B,N,759542,-118.112743,33.958712
I-5B,N,759531,-118.110872,33.957357
I-5B,N,763985,-118.105109,33.953179
I-5B,S,763990,-118.21458,34.047682
I-5B,S,716916,-118.217235,34.043014
I-5B,S,716918,-118.21712,34.028898
I-5B,S,716895,-118.205159,34.025139
I-5B,S,715929,-118.195461,34.020964
I-5B,S,716920,-118.188737,34.020061
I-5B,S,768523,-118.180934,34.019751
I-5B,S,716922,-118.171204,34.015278
I-5B,S,763980,-118.165204,34.013057
I-5B,S,716924,-118.16068,34.010838
I-5B,S,718364,-118.156569,34.007144
I-5B,S,716928,-118.151048,34.002369
I-5B,S,718085,-118.144379,33.994599
I-5B,S,716930,-118.139495,33.989554
I-5B,S,715947,-118.135566,33.985851
I-5B,S,716934,-118.128858,33.979701
I-5B,S,716936,-118.12551,33.975894
I-5B,S,759700,-118.122585,33.970242
I-5B,S,759707,-118.120255,33.964333
I-5B,S,716938,-118.112517,33.958337
I-5B,S,716939,-118.110469,33.956847
I-5B,S,716940,-118.105241,33.953097
SR-101,N,717522,-118.60601,34.170876
SR-101,N,776052,-118.604852,34.170662
SR-101,N,776073,-118.596913,34.169315
SR-101,N,717519,-118.589379,34.168375
SR-101,N,717517,-118.571564,34.172094
SR-101,N,772609,-118.562818,34.173503
SR-101,N,717515,-118.554268,34.173701
SR-101,N,776060,-118.550321,34.173423
SR-101,N,717513,-118.536798,34.173386
SR-101,N,776066,-118.531996,34.172076
SR-101,N,717510,-118.519759,34.171278
SR-101,N,772596,-118.504947,34.171258
SR-101,N,776081,-118.49872,34.169278
SR-101,N,772178,-118.498687,34.169223
SR-101,N,772168,-118.479854,34.165425
SR-101,N,717502,-118.474836,34.165205
SR-101,N,765099,-118.472242,34.163778
SR-101,N,764794,-118.468078,34.160277
SR-101,N,769431,-118.456642,34.158425
SR-101,N,717501,-118.449459,34.157319
SR-101,N,769443,-118.439307,34.155741
SR-101,N,717498,-118.432729,34.15571
SR-101,N,769358,-118.422224,34.156791
SR-101,N,717497,-118.414555,34.156849
SR-101,N,769346,-118.404242,34.15677
SR-101,N,769467,-118.396992,34.154514
SR-101,N,717492,-118.379347,34.15459
SR-101,N,718141,-118.374564,34.15133
SR-101,N,717491,-118.371101,34.147609
SR-101,N,716359,-118.364326,34.138959
SR-101,N,768469,-118.359925,34.135834
SR-101,N,764760,-118.355056,34.134005
SR-101,N,765176,-118.351354,34.132864
SR-101,N,764949,-118.346843,34.12881
SR-101,N,769418,-118.344653,34.126591
SR-101,N,769402,-118.339112,34.120946
SR-101,N,717483,-118.336981,34.116842
SR-101,N,769389,-118.33418,34.11038
SR-101,N,717480,-118.32497,34.104777
SR-101,N,769372,-118.317302,34.102704
SR-101,N,717473,-118.315807,34.100537
SR-101,N,717469,-118.313656,34.097096
SR-101,N,717465,-118.309069,34.09373
SR-101,N,717463,-118.305898,34.09004
SR-101,N,717460,-118.301614,34.085714
SR-101,N,717459,-118.297289,34.082938
SR-101,N,717456,-118.293249,34.08102
SR-101,N,765164,-118.289109,34.078978
SR-101,N,716337,-118.281856,34.077323
SR-101,N,717452,-118.273563,34.075024
SR-101,N,717447,-118.267725,34.072484
SR-101,N,717445,-118.25932,34.06913
SR-101,N,776136,-118.25109,34.064912
SR-101,N,773023,-118.243475,34.057728
SR-101,N,776480,-118.231678,34.054014
SR-101,N,776425,-118.228837,34.05347
SR-101,S,773062,-118.233691,34.05368
SR-101,S,776328,-118.23891,34.054577
SR-101,S,773024,-118.243573,34.05759
SR-101,S,764853,-118.251023,34.064637
SR-101,S,716328,-118.253967,34.066637
SR-101,S,716331,-118.262465,34.07006
SR-101,S,717446,-118.26572,34.071421
SR-101,S,717450,-118.273625,34.07488
SR-101,S,717453,-118.280932,34.07696
SR-101,S,716339,-118.28795,34.078212
SR-101,S,717458,-118.297554,34.08265
SR-101,S,717461,-118.301738,34.085583
SR-101,S,717462,-118.306069,34.089935
SR-101,S,717466,-118.309178,34.093587
SR-101,S,717468,-118.313812,34.096991
SR-101,S,717472,-118.316005,34.100454
SR-101,S,769373,-118.317467,34.102621
SR-101,S,717479,-118.323233,34.104274
SR-101,S,717481,-118.32826,34.106344
SR-101,S,769388,-118.33441,34.11027
SR-101,S,717484,-118.337707,34.11826
SR-101,S,769403,-118.339276,34.120726
SR-101,S,769405,-118.344817,34.126343
SR-101,S,717486,-118.34809,34.129743
SR-101,S,775990,-118.350883,34.130887
SR-101,S,764766,-118.353504,34.13338
SR-101,S,717488,-118.360056,34.135614
SR-101,S,717489,-118.364384,34.138761
SR-101,S,717490,-118.371241,34.147453
SR-101,S,768066,-118.374798,34.151177
SR-101,S,768477,-118.379439,34.154158
SR-101,S,717493,-118.396181,34.154341
SR-101,S,769345,-118.404406,34.15655
SR-101,S,717495,-118.413263,34.156641
SR-101,S,769359,-118.422157,34.156599
SR-101,S,760013,-118.430485,34.155526
SR-101,S,769444,-118.439075,34.15555
SR-101,S,717499,-118.448078,34.15666
SR-101,S,769430,-118.456575,34.158178
SR-101,S,760024,-118.46483,34.159305
SR-101,S,764781,-118.47012,34.160369
SR-101,S,772140,-118.474926,34.164977
SR-101,S,772167,-118.479853,34.16526
SR-101,S,717504,-118.491655,34.165185
SR-101,S,772151,-118.498718,34.168976
SR-101,S,772597,-118.504946,34.171093
SR-101,S,717508,-118.518142,34.171122
SR-101,S,717511,-118.532282,34.171961
SR-101,S,717514,-118.550305,34.173443
SR-101,S,772610,-118.562817,34.173256
SR-101,S,717516,-118.570361,34.172308
SR-101,S,717518,-118.587592,34.167902
SR-101,S,717520,-118.596913,34.169315
SR-101,S,718142,-118.605013,34.170538
SR-101,S,718143,-118.60667,34.170708
I-110A,N,767768,-118.16208,34.11906
I-110A,N,767760,-118.1769,34.112911
I-110A,N,767751,-118.20616,34.093355
I-110A,N,773013,-118.22076,34.083739
I-110A,N,772669,-118.22834,34.078284
I-110A,N,771673,-118.22871,34.077871
I-110A,N,771667,-118.23388,34.073135
I-110A,N,772513,-118.23661,34.068706
I-110A,N,718046,-118.23967,34.06702
I-110A,S,775610,-118.24719,34.064095
I-110A,S,718045,-118.23973,34.067125
I-110A,S,760650,-118.23256,34.075049
I-110A,S,773012,-118.22086,34.083904
I-110A,S,767750,-118.20635,34.093355
I-110A,S,767759,-118.1771,34.113103
I-110A,S,767767,-118.16211,34.119224
I-110B,N,772501,-118.25453,34.057348
I-110B,N,774658,-118.26557,34.048366
I-110B,N,774685,-118.27005,34.045663
I-110B,N,774672,-118.27317,34.041837
I-110B,N,718165,-118.2741,34.036779
I-110B,N,775637,-118.27482,34.032765
I-110B,N,764032,-118.27438,34.0276
I-110B,N,763439,-118.27936,34.018935
I-110B,N,763434,-118.28079,34.010246
I-110B,N,763429,-118.28084,34.005218
I-110B,N,763424,-118.28042,33.997662
I-110B,N,718164,-118.28033,33.987904
I-110B,N,763419,-118.2804,33.983593
I-110B,N,763408,-118.28068,33.976887
I-110B,N,763400,-118.28067,33.961288
I-110B,N,763392,-118.28069,33.958629
I-110B,N,716499,-118.27999,33.95106
I-110B,N,763384,-118.27942,33.946746
I-110B,N,763720,-118.28013,33.93328
I-110B,N,763372,-118.28026,33.932236
I-110B,N,763304,-118.2805,33.93016
I-110B,S,763299,-118.28071,33.930159
I-110B,S,763377,-118.28046,33.932263
I-110B,S,716500,-118.28016,33.951033
I-110B,S,763294,-118.28091,33.95864
I-110B,S,763286,-118.28092,33.961279
I-110B,S,763275,-118.28095,33.968872
I-110B,S,763267,-118.28079,33.981504
I-110B,S,763259,-118.28058,33.987852
I-110B,S,763251,-118.28128,34.002346
I-110B,S,718041,-118.28118,34.009414
I-110B,S,763246,-118.28077,34.016072
I-110B,S,763447,-118.27955,34.019033
I-110B,S,764037,-118.27461,34.027654
I-110B,S,775636,-118.27466,34.032765
I-110B,S,718166,-118.27427,34.036846
I-110B,S,760635,-118.27049,34.045574
I-110B,S,774671,-118.27334,34.041891
I-110B,S,760643,-118.26573,34.048503
I-110B,S,718173,-118.25568,34.056528
I-105,E,760046,-118.38878,33.930946
I-105,E,766875,-118.38413,33.93096
I-105,E,773047,-118.3837,33.930989
I-105,E,760063,-118.37032,33.930097
I-105,E,767838,-118.36478,33.930306
I-105,E,773656,-118.36168,33.931222
I-105,E,760074,-118.35001,33.932728
I-105,E,760080,-118.34378,33.929461
I-105,E,716414,-118.33526,33.924817
I-105,E,760101,-118.32771,33.924983
I-105,E,760112,-118.3223,33.925223
I-105,E,716419,-118.31356,33.92522
I-105,E,716421,-118.30044,33.927104
I-105,E,716424,-118.29385,33.928389
I-105,E,774614,-118.2844,33.928517
I-105,E,765476,-118.27758,33.92845
I-105,E,760167,-118.27689,33.92838
I-105,E,716427,-118.27389,33.927833
I-105,E,716431,-118.26535,33.927433
I-105,E,716433,-118.26225,33.927455
I-105,E,760187,-118.25033,33.928484
I-105,E,760196,-118.24075,33.928253
I-105,E,716440,-118.23005,33.928116
I-105,E,716442,-118.2173,33.927952
I-105,E,760226,-118.21061,33.925029
I-105,E,760236,-118.20552,33.922795
I-105,E,716449,-118.19466,33.917989
I-105,E,718155,-118.18535,33.913994
I-105,E,767857,-118.17568,33.911193
I-105,E,767868,-118.17153,33.910841
I-105,E,716453,-118.16935,33.910824
I-105,E,716456,-118.16431,33.911071
I-105,E,760283,-118.15728,33.912023
I-105,E,716460,-118.14725,33.912783
I-105,E,760301,-118.14122,33.912967
I-105,E,760315,-118.1387,33.912929
I-105,E,716466,-118.12982,33.913034
I-105,E,760330,-118.12416,33.913084
I-105,E,716470,-118.1126,33.913649
I-105,E,760349,-118.10283,33.914049
I-105,W,716402,-118.39228,33.931589
I-105,W,716404,-118.38836,33.931444
I-105,W,716405,-118.38415,33.931388
I-105,W,716407,-118.37032,33.930591
I-105,W,716409,-118.36142,33.931789
I-105,W,760426,-118.34619,33.931515
I-105,W,716413,-118.33826,33.926832
I-105,W,760440,-118.3287,33.925311
I-105,W,760452,-118.32399,33.925681
I-105,W,716420,-118.31357,33.925722
I-105,W,716422,-118.30042,33.92758
I-105,W,760473,-118.29469,33.928744
I-105,W,760481,-118.29127,33.928872
I-105,W,716426,-118.28552,33.928937
I-105,W,716428,-118.27393,33.9284
I-105,W,760496,-118.26535,33.927763
I-105,W,716434,-118.26227,33.92777
I-105,W,760512,-118.25686,33.928109
I-105,W,716437,-118.24604,33.928864
I-105,W,760535,-118.23749,33.928326
I-105,W,716441,-118.23006,33.928433
I-105,W,716443,-118.21715,33.928278
I-105,W,760558,-118.21204,33.926004
I-105,W,760568,-118.20902,33.924705
I-105,W,716448,-118.20213,33.921618
I-105,W,716450,-118.19455,33.918301
I-105,W,760599,-118.18726,33.914943
I-105,W,763712,-118.18525,33.914256
I-105,W,760606,-118.18473,33.91411
I-105,W,760619,-118.16935,33.911232
I-105,W,716457,-118.16433,33.911428
I-105,W,716459,-118.15464,33.912661
I-105,W,716461,-118.14733,33.913191
I-105,W,760398,-118.14122,33.913415
I-105,W,760384,-118.13607,33.913381
I-105,W,760375,-118.12667,33.913446
I-105,W,760369,-118.12416,33.913517
I-105,W,716471,-118.1126,33.914082
I-105,W,760358,-118.1064,33.914006
I-105,W,760361,-118.10418,33.91411
I-710,N,774523,-118.2029,33.771341
I-710,N,772689,-118.20756,33.780456
I-710,N,772980,-118.20751,33.7851
I-710,N,774411,-118.20716,33.805846
I-710,N,774444,-118.20708,33.825575
I-710,N,717962,-118.20517,33.849539
I-710,N,717966,-118.19888,33.862897
I-710,N,774373,-118.19493,33.869231
I-710,N,717968,-118.19062,33.884571
I-710,N,761734,-118.18882,33.88897
I-710,N,718488,-118.18745,33.896062
I-710,N,717770,-118.1854,33.90354
I-710,N,718102,-118.18333,33.905705
I-710,N,718492,-118.18104,33.908345
I-710,N,717977,-118.17908,33.914998
I-710,N,717660,-118.17837,33.918086
I-710,N,768984,-118.17801,33.919982
I-710,N,718151,-118.17871,33.930705
I-710,N,717983,-118.17755,33.933537
I-710,N,774359,-118.171,33.941453
I-710,N,717992,-118.17027,33.949254
I-710,N,717995,-118.17043,33.951319
I-710,N,776266,-118.16752,33.967315
I-710,N,718147,-118.16756,33.969609
I-710,N,776203,-118.1703,33.987206
I-710,N,776290,-118.17665,33.994891
I-710,N,718320,-118.17517,34.000007
I-710,N,776493,-118.17252,34.005917
I-710,N,763468,-118.17227,34.013885
I-710,N,718014,-118.17329,34.020293
I-710,N,768978,-118.17275,34.02232
I-710,N,776221,-118.17213,34.024739
I-710,N,718016,-118.17052,34.031776
I-710,N,776228,-118.16962,34.041614
I-710,N,776242,-118.16897,34.045984
I-710,N,776196,-118.16393,34.052779
I-710,N,776188,-118.16517,34.059179
I-710,S,774524,-118.20405,33.771339
I-710,S,772701,-118.20769,33.781087
I-710,S,772711,-118.20767,33.784632
I-710,S,774389,-118.20736,33.806011
I-710,S,774445,-118.20721,33.825575
I-710,S,717960,-118.20545,33.848311
I-710,S,717963,-118.19981,33.861831
I-710,S,774372,-118.1952,33.869286
I-710,S,716847,-118.19232,33.879265
I-710,S,717970,-118.18895,33.889217
I-710,S,761851,-118.18766,33.896138
I-710,S,717975,-118.18653,33.901673
I-710,S,717972,-118.18544,33.903804
I-710,S,761761,-118.18286,33.906511
I-710,S,718493,-118.18128,33.908464
I-710,S,717978,-118.17929,33.915007
I-710,S,716857,-118.17821,33.9199
I-710,S,717980,-118.17859,33.928005
I-710,S,761776,-118.17895,33.930717
I-710,S,774358,-118.17133,33.941453
I-710,S,717986,-118.17066,33.94929
I-710,S,717989,-118.17055,33.950415
I-710,S,776295,-118.16851,33.966709
I-710,S,718002,-118.16776,33.969623
I-710,S,776208,-118.16994,33.987206
I-710,S,776289,-118.17692,33.994863
I-710,S,718008,-118.17663,33.998106
I-710,S,718012,-118.17276,34.005734
I-710,S,716891,-118.17242,34.0139
I-710,S,718321,-118.17347,34.019076
I-710,S,716875,-118.17304,34.022403
I-710,S,776215,-118.17236,34.024876
I-710,S,776253,-118.17056,34.032573
I-710,S,718017,-118.17014,34.034209
I-710,S,718018,-118.17021,34.040483
I-710,S,776197,-118.16436,34.052751
I-605,N,717831,-118.08126,33.809142
I-605,N,773712,-118.08117,33.812344
I-605,N,761844,-118.08122,33.818438
I-605,N,773723,-118.08194,33.826468
I-605,N,717836,-118.08325,33.830203
I-605,N,717839,-118.08465,33.832808
I-605,N,716760,-118.08778,33.838271
I-605,N,717143,-118.09147,33.844644
I-605,N,717844,-118.09251,33.846451
I-605,N,773736,-118.09471,33.853057
I-605,N,717850,-118.09572,33.857255
I-605,N,717851,-118.0963,33.859586
I-605,N,717854,-118.09846,33.865754
I-605,N,767233,-118.10106,33.872891
I-605,N,773743,-118.10218,33.875968
I-605,N,773749,-118.10274,33.877424
I-605,N,717857,-118.10357,33.880638
I-605,N,717858,-118.10421,33.886606
I-605,N,717863,-118.1044,33.889783
I-605,N,716784,-118.10467,33.894867
I-605,N,766851,-118.10494,33.900751
I-605,N,716788,-118.10502,33.905505
I-605,N,717864,-118.10482,33.909956
I-605,N,761675,-118.10463,33.915589
I-605,N,718466,-118.10432,33.920173
I-605,N,717875,-118.10373,33.925623
I-605,N,769513,-118.09889,33.936533
I-605,N,717879,-118.09578,33.942558
I-605,N,717881,-118.09101,33.951045
I-605,N,716800,-118.08692,33.958252
I-605,N,717888,-118.08358,33.966218
I-605,N,717893,-118.08012,33.973275
I-605,N,717897,-118.07631,33.980113
I-605,N,717903,-118.07204,33.985022
I-605,N,717906,-118.06961,33.991311
I-605,N,717909,-118.06869,33.994921
I-605,N,717915,-118.06495,34.003299
I-605,N,717922,-118.06159,34.006023
I-605,N,716819,-118.05767,34.009487
I-605,N,717926,-118.05381,34.017054
I-605,N,717929,-118.05109,34.018906
I-605,N,717934,-118.03817,34.026834
I-605,N,717940,-118.03656,34.027686
I-605,N,716829,-118.02787,34.033291
I-605,N,775689,-118.0094,34.044838
I-605,N,716834,-118.00417,34.054123
I-605,N,717945,-118.00356,34.055162
I-605,N,763683,-118.00025,34.066719
I-605,N,776487,-117.99794,34.077318
I-605,N,776020,-117.99764,34.080808
I-605,N,773774,-117.99745,34.08166
I-605,N,717956,-117.99079,34.09231
I-605,N,773785,-117.98767,34.094877
I-605,N,767678,-117.98132,34.108203
I-605,N,716841,-117.97814,34.114275
I-605,N,717958,-117.97689,34.115717
I-605,N,773795,-117.97253,34.118451
I-605,N,773807,-117.96824,34.122187
I-605,S,717832,-118.08156,33.809131
I-605,S,773711,-118.08153,33.812344
I-605,S,737504,-118.08152,33.818438
I-605,S,773724,-118.0822,33.826385
I-605,S,717833,-118.08371,33.83053
I-605,S,717838,-118.08526,33.833358
I-605,S,717842,-118.088,33.838144
I-605,S,717843,-118.0922,33.845416
I-605,S,717846,-118.09334,33.847616
I-605,S,773737,-118.09494,33.853002
I-605,S,717847,-118.09595,33.857215
I-605,S,717853,-118.09656,33.859672
I-605,S,716775,-118.09871,33.865688
I-605,S,716776,-118.10129,33.872826
I-605,S,716778,-118.10387,33.880588
I-605,S,717859,-118.10443,33.886381
I-605,S,717862,-118.10457,33.888477
I-605,S,717865,-118.1049,33.894853
I-605,S,717867,-118.10523,33.900078
I-605,S,717871,-118.10534,33.903053
I-605,S,717848,-118.10515,33.90839
I-605,S,764001,-118.10509,33.909928
I-605,S,737152,-118.10477,33.918337
I-605,S,717872,-118.10461,33.922074
I-605,S,717877,-118.0995,33.935843
I-605,S,716797,-118.09596,33.942635
I-605,S,717884,-118.09142,33.950848
I-605,S,717885,-118.08717,33.95833
I-605,S,717887,-118.08383,33.966382
I-605,S,717894,-118.08051,33.973006
I-605,S,717896,-118.08008,33.974116
I-605,S,717898,-118.07649,33.980214
I-605,S,716810,-118.07226,33.985132
I-605,S,717907,-118.0697,33.992068
I-605,S,717912,-118.06902,33.994838
I-605,S,717914,-118.06498,34.003596
I-605,S,764021,-118.06291,34.005281
I-605,S,717924,-118.05786,34.00959
I-605,S,717925,-118.05392,34.017197
I-605,S,717930,-118.05139,34.018884
I-605,S,717933,-118.03827,34.026999
I-605,S,717942,-118.03663,34.027966
I-605,S,717943,-118.02807,34.033424
I-605,S,775690,-118.00966,34.044948
I-605,S,717947,-118.00494,34.053329
I-605,S,766937,-118.00468,34.053769
I-605,S,763689,-118.00035,34.062755
I-605,S,776019,-117.99791,34.080808
I-605,S,717951,-117.9983,34.076847
I-605,S,773773,-117.99778,34.08166
I-605,S,765501,-117.99325,34.090343
I-605,S,773784,-117.98754,34.094739
I-605,S,763616,-117.98162,34.108285
I-605,S,717957,-117.97838,34.114401
I-605,S,773796,-117.97283,34.118671
I-605,S,773798,-117.9685,34.122324
I-210A,E,770599,-118.48468,34.319041
I-210A,E,768297,-118.47715,34.323
I-210A,E,768283,-118.45566,34.32344
I-210A,E,770587,-118.44661,34.321633
I-210A,E,770012,-118.43879,34.315451
I-210A,E,770024,-118.42825,34.307135
I-210A,E,770036,-118.41857,34.298321
I-210A,E,770354,-118.41005,34.290298
I-210A,E,770048,-118.4058,34.286273
I-210A,E,770331,-118.40417,34.284658
I-210A,E,770544,-118.39119,34.277336
I-210A,E,770061,-118.37919,34.274544
I-210A,E,770556,-118.36591,34.273458
I-210A,E,770076,-118.35088,34.271799
I-210A,E,771202,-118.33397,34.263878
I-210A,E,770089,-118.33088,34.260699
I-210A,E,770103,-118.32818,34.257876
I-210A,E,771636,-118.32293,34.251377
I-210A,E,770475,-118.30979,34.240832
I-210A,E,770487,-118.30239,34.235877
I-210A,E,770116,-118.28922,34.234618
I-210A,E,769895,-118.26436,34.230635
I-210A,E,769880,-118.24726,34.222263
I-210A,E,769866,-118.23948,34.218239
I-210A,E,769847,-118.22351,34.209834
I-210A,E,770385,-118.21424,34.20691
I-210A,E,769831,-118.20101,34.206631
I-210A,E,769819,-118.19803,34.205839
I-210A,E,769984,-118.19138,34.2028
I-210A,E,769806,-118.18442,34.19638
I-210A,E,769788,-118.1806,34.188939
I-210A,E,771642,-118.1756,34.184083
I-210A,E,717617,-118.16948,34.181331
I-210A,E,717620,-118.16134,34.175564
I-210A,E,770578,-118.15855,34.15748
I-210A,E,717625,-118.15842,34.163747
I-210A,E,770568,-118.15808,34.167922
I-210A,E,770169,-118.15696,34.153607
I-210A,W,770598,-118.48495,34.319149
I-210A,W,770315,-118.47831,34.323133
I-210A,W,770303,-118.46278,34.323935
I-210A,W,770588,-118.44644,34.321771
I-210A,W,770215,-118.44069,34.31723
I-210A,W,770229,-118.43058,34.309462
I-210A,W,770243,-118.4203,34.300293
I-210A,W,770353,-118.41135,34.29186
I-210A,W,770259,-118.40796,34.288629
I-210A,W,770332,-118.40424,34.285152
I-210A,W,770519,-118.39722,34.2788
I-210A,W,770545,-118.39119,34.277556
I-210A,W,770275,-118.38165,34.275305
I-210A,W,770555,-118.36592,34.273733
I-210A,W,770290,-118.35482,34.272584
I-210A,W,770530,-118.33377,34.264016
I-210A,W,770200,-118.33038,34.260453
I-210A,W,770187,-118.32895,34.259055
I-210A,W,770463,-118.32263,34.251378
I-210A,W,770474,-118.30956,34.241025
I-210A,W,770486,-118.30216,34.236043
I-210A,W,770141,-118.29173,34.235107
I-210A,W,770129,-118.28919,34.234838
I-210A,W,769965,-118.26992,34.232135
I-210A,W,769911,-118.25005,34.224153
I-210A,W,769867,-118.23931,34.21846
I-210A,W,769926,-118.23113,34.213557
I-210A,W,770401,-118.22484,34.210656
I-210A,W,770386,-118.21428,34.207103
I-210A,W,769941,-118.20237,34.206986
I-210A,W,769953,-118.19992,34.206715
I-210A,W,769983,-118.19131,34.202992
I-210A,W,769807,-118.18425,34.196463
I-210A,W,770000,-118.18104,34.191274
I-210A,W,770510,-118.1754,34.184276
I-210A,W,717615,-118.17191,34.182685
I-210A,W,717622,-118.16229,34.176541
I-210A,W,770579,-118.15825,34.15759
I-210A,W,717624,-118.15811,34.164105
I-210A,W,770157,-118.15669,34.153662
I-210B,E,717631,-118.15067,34.151527
I-210B,E,717633,-118.14169,34.15163
I-210B,E,717635,-118.12949,34.151618
I-210B,E,717638,-118.11851,34.152167
I-210B,E,717640,-118.11089,34.152279
I-210B,E,717646,-118.092,34.151824
I-210B,E,717650,-118.08133,34.147547
I-210B,E,717654,-118.07365,34.148147
I-210B,E,717659,-118.06579,34.148562
I-210B,E,773154,-118.05898,34.148611
I-210B,E,717667,-118.04823,34.148676
I-210B,E,717672,-118.03007,34.147168
I-210B,E,773193,-118.02428,34.144474
I-210B,E,761128,-118.01761,34.141108
I-210B,E,761141,-118.01602,34.139495
I-210B,E,761152,-117.99756,34.135358
I-210B,E,761165,-117.98745,34.135352
I-210B,E,761177,-117.97617,34.135231
I-210B,E,769701,-117.96922,34.135404
I-210B,E,761191,-117.9567,34.133972
I-210B,E,769772,-117.95389,34.133284
I-210B,E,772857,-117.94963,34.13188
I-210B,E,772872,-117.94319,34.129514
I-210B,E,761206,-117.93186,34.130084
I-210B,E,772887,-117.92379,34.129147
I-210B,E,761220,-117.91547,34.125507
I-210B,E,765477,-117.90589,34.120536
I-210B,E,717684,-117.90513,34.120615
I-210B,E,772903,-117.90186,34.120915
I-210B,E,765486,-117.89135,34.120741
I-210B,E,718469,-117.88809,34.120769
I-210B,E,772917,-117.88286,34.120815
I-210B,E,717692,-117.86978,34.120201
I-210B,E,772932,-117.8604,34.116944
I-210B,E,772953,-117.85386,34.117514
I-210B,E,716142,-117.8422,34.118072
I-210B,E,716143,-117.82738,34.120698
I-210B,E,769758,-117.82035,34.120134
I-210B,E,772966,-117.81754,34.119828
I-210B,E,771603,-117.80373,34.119641
I-210B,E,767883,-117.78246,34.11966
I-210B,E,767896,-117.77327,34.119505
I-210B,E,767925,-117.76068,34.119371
I-210B,E,767942,-117.74813,34.119868
I-210B,E,767970,-117.73587,34.120254
I-210B,E,767984,-117.72801,34.120044
I-210B,E,767998,-117.71971,34.120162
I-210B,E,768012,-117.70808,34.120162
I-210B,E,768026,-117.70554,34.120156
I-210B,E,768041,-117.69647,34.121389
I-210B,E,809294,-117.69156,34.12481
I-210B,E,809301,-117.6897,34.126124
I-210B,E,809308,-117.68752,34.127652
I-210B,E,819613,-117.67348,34.134266
I-210B,E,809336,-117.66882,34.134395
I-210B,E,809343,-117.66591,34.134363
I-210B,E,809211,-117.64701,34.134388
I-210B,E,819599,-117.63892,34.13441
I-210B,E,809259,-117.63753,34.134527
I-210B,E,809252,-117.63262,34.134544
I-210B,E,819552,-117.61829,34.134575
I-210B,E,809287,-117.61483,34.134516
I-210B,E,809172,-117.60725,34.134776
I-210B,E,819538,-117.59571,34.135032
I-210B,E,809202,-117.59076,34.135007
I-210B,E,819526,-117.5788,34.135622
I-210B,E,809022,-117.5737,34.136016
I-210B,E,808993,-117.56472,34.136373
I-210B,E,819514,-117.5612,34.136358
I-210B,E,809036,-117.55705,34.136153
I-210B,E,809070,-117.54875,34.136369
I-210B,E,816194,-117.53932,34.136437
I-210B,E,809117,-117.53392,34.13634
I-210B,E,809126,-117.52747,34.136261
I-210B,E,810280,-117.51872,34.136162
I-210B,E,810273,-117.51163,34.136134
I-210B,E,825929,-117.49942,34.136369
I-210B,W,717630,-118.15067,34.151747
I-210B,W,764137,-118.14598,34.152
I-210B,W,717634,-118.135,34.151995
I-210B,W,717637,-118.12111,34.152486
I-210B,W,717642,-118.10159,34.152702
I-210B,W,717644,-118.09686,34.152732
I-210B,W,717649,-118.08293,34.147956
I-210B,W,717653,-118.07406,34.148464
I-210B,W,717657,-118.07035,34.148824
I-210B,W,717661,-118.06622,34.148892
I-210B,W,773179,-118.05928,34.148941
I-210B,W,717663,-118.0533,34.148978
I-210B,W,717664,-118.04879,34.149019
I-210B,W,717669,-118.03456,34.148401
I-210B,W,764146,-118.02993,34.147358
I-210B,W,773194,-118.02415,34.144639
I-210B,W,761342,-118.01826,34.141782
I-210B,W,761356,-118.00259,34.135556
I-210B,W,718210,-117.98806,34.13555
I-210B,W,761374,-117.97722,34.13543
I-210B,W,769702,-117.96922,34.135652
I-210B,W,769722,-117.9637,34.13565
I-210B,W,717673,-117.95931,34.134883
I-210B,W,775795,-117.95895,34.133203
I-210B,W,772858,-117.9495,34.1321
I-210B,W,772873,-117.94309,34.129762
I-210B,W,717674,-117.93507,34.129584
I-210B,W,717675,-117.93224,34.130273
I-210B,W,772888,-117.92369,34.129366
I-210B,W,717676,-117.91643,34.126818
I-210B,W,717678,-117.9083,34.120782
I-210B,W,717682,-117.90622,34.120726
I-210B,W,772902,-117.90186,34.121189
I-210B,W,717685,-117.895,34.12109
I-210B,W,772918,-117.88286,34.121063
I-210B,W,717686,-117.87475,34.120848
I-210B,W,717688,-117.87091,34.120621
I-210B,W,772933,-117.8604,34.117164
I-210B,W,772954,-117.85386,34.117734
I-210B,W,717694,-117.84691,34.117711
I-210B,W,769744,-117.83363,34.121142
I-210B,W,718047,-117.82943,34.121133
I-210B,W,772967,-117.81754,34.120075
I-210B,W,771618,-117.80995,34.119898
I-210B,W,769136,-117.79048,34.119976
I-210B,W,769150,-117.78599,34.120188
I-210B,W,767898,-117.77354,34.119808
I-210B,W,767910,-117.76277,34.11965
I-210B,W,767940,-117.74816,34.120115
I-210B,W,767955,-117.73742,34.120433
I-210B,W,767986,-117.72814,34.120319
I-210B,W,768000,-117.71948,34.120217
I-210B,W,768014,-117.70795,34.120189
I-210B,W,768028,-117.70554,34.120239
I-210B,W,768055,-117.69633,34.12154
I-210B,W,826061,-117.69165,34.125222
I-210B,W,825880,-117.68997,34.126375
I-210B,W,826068,-117.68782,34.127997
I-210B,W,809322,-117.67349,34.134566
I-210B,W,819605,-117.66888,34.134725
I-210B,W,825887,-117.66592,34.134784
I-210B,W,825893,-117.64701,34.134718
I-210B,W,809238,-117.63892,34.134834
I-210B,W,825899,-117.63524,34.134797
I-210B,W,819654,-117.63262,34.134789
I-210B,W,809273,-117.61829,34.134929
I-210B,W,819575,-117.61496,34.134977
I-210B,W,825905,-117.60718,34.135084
I-210B,W,809188,-117.59571,34.135385
I-210B,W,819545,-117.59069,34.135486
I-210B,W,808969,-117.5788,34.135975
I-210B,W,819532,-117.57377,34.136251
I-210B,W,826089,-117.56466,34.136732
I-210B,W,808998,-117.56115,34.136742
I-210B,W,819520,-117.55709,34.136562
I-210B,W,825911,-117.5488,34.136721
I-210B,W,809100,-117.53937,34.136829
I-210B,W,816211,-117.53396,34.136756
I-210B,W,825917,-117.52749,34.136629
I-210B,W,825923,-117.51868,34.136629
I-210B,W,822176,-117.51159,34.136601
I-210B,W,810266,-117.49962,34.136435